date,year,temperature
1850-01,1850,-0.46556377977752517
1850-02,1850,-0.12362894457585566
1850-02,1850,-0.2428945466271355
1850-04,1850,-0.38946015642582565
1850-04,1850,-0.3696442225011149
1850-05,1850,-0.2926391088518754
1850-07,1850,-0.2077769402944797
1850-08,1850,-0.09810011814118474
1850-08,1850,-0.29387236230649433
1850-10,1850,-0.4009866963925482
1850-10,1850,-0.16183899378609545
1850-11,1850,-0.267954074683088
1851-01,1851,-0.14553949804962055
1851-02,1851,-0.25146072037532385
1851-02,1851,-0.18644799001565882
1851-04,1851,-0.5753089742854847
1851-04,1851,-0.2926833602196193
1851-05,1851,-0.23228626472324296
1851-07,1851,-0.17123166225770564
1851-08,1851,-0.23519766706935114
1851-08,1851,-0.17021141939174766
1851-10,1851,-0.025923981416051338
1851-10,1851,-0.12197582395221304
1851-11,1851,-0.023585540009388173
1852-01,1852,-0.31360490670969016
1852-02,1852,-0.3557185361520924
1852-02,1852,-0.4263541695805752
1852-04,1852,-0.4084483788789051
1852-04,1852,-0.23192649652656963
1852-05,1852,-0.04105605990945475
1852-07,1852,0.05612514854999944
1852-08,1852,-0.16002818738913518
1852-08,1852,-0.16160350143577445
1852-10,1852,-0.09274928287820114
1852-10,1852,-0.21000690517455844
1852-11,1852,0.02964193281227664
1853-01,1853,-0.26715959685934976
1853-02,1853,-0.19135481394949036
1853-02,1853,-0.10701591046868957
1853-04,1853,-0.10465009041974702
1853-04,1853,-0.17098780251118112
1853-05,1853,-0.09826308781530461
1853-07,1853,0.029133468568711313
1853-08,1853,-0.11684628103428517
1853-08,1853,-0.3101545516755251
1853-10,1853,-0.368284251916794
1853-10,1853,-0.3727813174575231
1853-11,1853,-0.22704747892097712
1854-01,1854,-0.36383821553936596
1854-02,1854,-0.2921927003326163
1854-02,1854,-0.1249988390130947
1854-04,1854,-0.17016404403682714
1854-04,1854,-0.2775612144576034
1854-05,1854,-0.31890773459804966
1854-07,1854,-0.20147196705631218
1854-08,1854,-0.1556028961946222
1854-08,1854,-0.10170539910069461
1854-10,1854,-0.08095060704371054
1854-10,1854,-0.23534267413653606
1854-11,1854,-0.28277890798271543
1855-01,1855,-0.17081787736529896
1855-02,1855,-0.14736965651775358
1855-02,1855,-0.05693305811100515
1855-04,1855,-0.1569192988791727
1855-04,1855,-0.2149759200298074
1855-05,1855,-0.21954458997904686
1855-07,1855,-0.2550202241489518
1855-08,1855,-0.0993850115099454
1855-08,1855,-0.30048087612314617
1855-10,1855,-0.08235207812116044
1855-10,1855,-0.2603147481165809
1855-11,1855,-0.28586361120037573
1855-12,1856,-0.01860779231394137
1856-02,1856,-0.331940390142423
1856-02,1856,-0.2940391260295823
1856-03,1856,-0.36397640416490246
1856-04,1856,-0.1848957339616193
1856-05,1856,-0.17225885733511576
1856-06,1856,-0.2614589111561506
1856-08,1856,-0.3854090180684092
1856-08,1856,-0.48582925316818854
1856-09,1856,-0.46717929932933316
1856-10,1856,-0.5244053748583523
1856-11,1856,-0.5516655052025374
1856-12,1857,-0.4670485832843981
1857-02,1857,-0.41834280509303745
1857-02,1857,-0.5549555060626574
1857-03,1857,-0.5698549013219762
1857-04,1857,-0.5329449577614973
1857-05,1857,-0.4008828715052927
1857-06,1857,-0.47580472740943563
1857-08,1857,-0.3577869528609076
1857-08,1857,-0.3545026780623822
1857-09,1857,-0.46777234446438176
1857-10,1857,-0.4205865657398275
1857-11,1857,-0.2450372388598914
1857-12,1858,-0.3631143612338333
1858-02,1858,-0.38534716024656585
1858-02,1858,-0.2707502900141726
1858-03,1858,-0.3753236860689933
1858-04,1858,-0.4634065917318319
1858-05,1858,-0.43288707553138384
1858-06,1858,-0.38276729480275806
1858-08,1858,-0.32155926386798106
1858-08,1858,-0.394915517147465
1858-09,1858,-0.28236971198035915
1858-10,1858,-0.30078650552775554
1858-11,1858,-0.37044441445641446
1858-12,1859,-0.3514413218168927
1859-02,1859,-0.20391419593243207
1859-02,1859,-0.24259694796276704
1859-03,1859,-0.07026265672199934
1859-04,1859,-0.10903359369101079
1859-05,1859,-0.16573367533652952
1859-06,1859,-0.3787668494745936
1859-08,1859,-0.27334188571702045
1859-08,1859,-0.4443193103379658
1859-09,1859,-0.3244944881073272
1859-10,1859,-0.2080803995730895
1859-11,1859,-0.13796034885677402
1859-12,1860,-0.26353297309224943
1860-02,1860,-0.3064758868448064
1860-02,1860,-0.3114615093137529
1860-03,1860,-0.159022765208739
1860-04,1860,-0.21010879207102168
1860-05,1860,-0.34276768259435697
1860-06,1860,-0.2690983113599555
1860-08,1860,-0.2750014933855588
1860-08,1860,-0.13346471250271377
1860-09,1860,-0.4091854510404541
1860-10,1860,-0.4363994171193013
1860-11,1860,-0.6331298221536751
1860-12,1861,-0.6658665565908815
1861-02,1861,-0.6625910558846204
1861-02,1861,-0.32550156083822046
1861-03,1861,-0.13624398759898657
1861-04,1861,-0.5852256215235352
1861-05,1861,-0.38449447172227
1861-06,1861,-0.2989890875517198
1861-08,1861,-0.1604216998819529
1861-08,1861,-0.32653712444297034
1861-09,1861,-0.5495591269482359
1861-10,1861,-0.2085948655895574
1861-11,1861,-0.23332333288098164
1861-12,1862,-0.8015573568147587
1862-02,1862,-0.7255270476467145
1862-02,1862,-0.4086977402031122
1862-03,1862,-0.3239238096850208
1862-04,1862,-0.2034717749112857
1862-05,1862,-0.32871601885194257
1862-06,1862,-0.3639473844596629
1862-08,1862,-0.4262673089695971
1862-08,1862,-0.38020037417870656
1862-09,1862,-0.3985858102899611
1862-10,1862,-0.5116241634312465
1862-11,1862,-0.8238479608252748
1862-12,1863,-0.24482361734803867
1863-02,1863,-0.2302933445539025
1863-02,1863,-0.19695724318622368
1863-03,1863,-0.23853358115329762
1863-04,1863,-0.21524019664098498
1863-05,1863,-0.4360464391864803
1863-06,1863,-0.3045055025162187
1863-08,1863,-0.36195142060430696
1863-08,1863,-0.42971914454104093
1863-09,1863,-0.5017706118083307
1863-10,1863,-0.24815345504611525
1863-11,1863,-0.22842194633006355
1863-12,1864,-0.6102536073074728
1864-02,1864,-0.4050015713182469
1864-02,1864,-0.20269260239787792
1864-03,1864,-0.5044047723390748
1864-04,1864,-0.21669591291839851
1864-05,1864,-0.13175507448931773
1864-06,1864,-0.11835189615808611
1864-08,1864,-0.3561107330770384
1864-08,1864,-0.4020436861816735
1864-09,1864,-0.4377793418356568
1864-10,1864,-0.22904194111004586
1864-11,1864,-0.4698425185506019
1864-12,1865,0.0026371235667706438
1865-02,1865,-0.1474768626585044
1865-02,1865,-0.3186594580280862
1865-03,1865,-0.31366961976131125
1865-04,1865,-0.2922858375520611
1865-05,1865,-0.30570115640379636
1865-06,1865,0.014246370979987181
1865-08,1865,-0.23720350880735255
1865-08,1865,-0.06762138535836773
1865-09,1865,-0.2511003299163248
1865-10,1865,-0.20301581317333078
1865-11,1865,-0.32219764304598464
1865-12,1866,-0.11239327654354525
1866-02,1866,-0.34252235454886726
1866-02,1866,-0.32525269279655294
1866-03,1866,-0.3450000934189609
1866-04,1866,-0.67522717527856
1866-05,1866,-0.1297910481251788
1866-06,1866,0.22630781069703249
1866-08,1866,-0.24279469224626085
1866-08,1866,-0.3462863760123986
1866-09,1866,-0.15303649214574186
1866-10,1866,-0.13965004962610889
1866-11,1866,0.09097428513921012
1866-12,1867,-0.35339380039854473
1867-02,1867,-0.2359687111027441
1867-02,1867,-0.35646802146050466
1867-03,1867,-0.19869612072463252
1867-04,1867,-0.39445891585565157
1867-05,1867,-0.20113720238636176
1867-06,1867,-0.12586176762791026
1867-08,1867,-0.36625120877714673
1867-08,1867,-0.013508956675203956
1867-09,1867,-0.13637329415844168
1867-10,1867,0.005579780497845549
1867-11,1867,-0.38333868854805714
1867-12,1868,-0.23157493898191306
1868-02,1868,-0.436286037114867
1868-02,1868,-0.13096084751438966
1868-03,1868,-0.03954455360230511
1868-04,1868,-0.0776376361168993
1868-05,1868,-0.10969033710799606
1868-06,1868,-0.07589085482878583
1868-08,1868,-0.14831914494901569
1868-08,1868,-0.16107673126601008
1868-09,1868,-0.04748392385886708
1868-10,1868,-0.04625505102437973
1868-11,1868,0.010211614519361208
1868-12,1869,-0.17167571084244573
1869-02,1869,0.07086427606174221
1869-02,1869,-0.46972169491721416
1869-03,1869,-0.16890516582482742
1869-04,1869,-0.05251418914225824
1869-05,1869,-0.2477225030004772
1869-06,1869,-0.29458369403196605
1869-08,1869,-0.23391042864976358
1869-08,1869,-0.24214390492026003
1869-09,1869,-0.26964028592603184
1869-10,1869,-0.11167046522262468
1869-11,1869,-0.36275482962827643
1869-12,1870,-0.21053756699624376
1870-02,1870,-0.28888579420239024
1870-02,1870,-0.2296453769355733
1870-03,1870,-0.08718933219032748
1870-04,1870,-0.34155697846319794
1870-05,1870,-0.14476085159520724
1870-06,1870,-0.11177955046354486
1870-08,1870,-0.27003927679276213
1870-08,1870,-0.28837228454474884
1870-09,1870,-0.3133704575520319
1870-10,1870,-0.20359215864738245
1870-11,1870,-0.5018250483792314
1870-12,1871,-0.4262191411418877
1871-02,1871,-0.40478772980456296
1871-02,1871,-0.10001485794279173
1871-03,1871,-0.06691925134331692
1871-04,1871,-0.25677835279878514
1871-05,1871,-0.15066771280468777
1871-06,1871,-0.05854645811880523
1871-08,1871,-0.22953024760543433
1871-08,1871,-0.3362948241026366
1871-09,1871,-0.35863849683734694
1871-10,1871,-0.35537943821819795
1871-11,1871,-0.4021510812109232
1871-12,1872,-0.32422864555152836
1872-02,1872,-0.3333073136104596
1872-02,1872,-0.27554808507594997
1872-03,1872,-0.30977309363933025
1872-04,1872,-0.08954493443234442
1872-05,1872,-0.256640545917537
1872-06,1872,-0.10412408068018905
1872-08,1872,0.031103629652515567
1872-08,1872,-0.1502889226294287
1872-09,1872,-0.23852349184591456
1872-10,1872,-0.23478685745736635
1872-11,1872,-0.3602116033240052
1872-12,1873,-0.16912681405088364
1873-02,1873,-0.10033167053897452
1873-02,1873,-0.10160062769116568
1873-03,1873,-0.3048763215648706
1873-04,1873,-0.27135482326393034
1873-05,1873,-0.3212459475036777
1873-06,1873,-0.2217906509329719
1873-08,1873,-0.1434620726247426
1873-08,1873,-0.34594663881838256
1873-09,1873,-0.27283185602358856
1873-10,1873,-0.2542352855812232
1873-11,1873,-0.21564043189198032
1873-12,1874,-0.21363252894194215
1874-02,1874,-0.36067433481936234
1874-02,1874,-0.48901164364409294
1874-03,1874,-0.4378121024961619
1874-04,1874,-0.26443567058408285
1874-05,1874,-0.5435722222740529
1874-06,1874,-0.2856509704185999
1874-08,1874,-0.2513159032674362
1874-08,1874,-0.21624834345071542
1874-09,1874,-0.4616005634945432
1874-10,1874,-0.3813678879503563
1874-11,1874,-0.29094717567622375
1874-12,1875,-0.33499452677470953
1875-02,1875,-0.3162675929414206
1875-02,1875,-0.38497407113124216
1875-03,1875,-0.27320565653906376
1875-04,1875,-0.2061464002624979
1875-05,1875,-0.2999773725639334
1875-06,1875,-0.2294446399441141
1875-08,1875,-0.18405764262162153
1875-08,1875,-0.09965559640118288
1875-09,1875,-0.16761208420430226
1875-10,1875,-0.28527467208739593
1875-11,1875,-0.48002588987494227
1875-12,1876,-0.3696466181832977
1876-02,1876,-0.22147598529594698
1876-02,1876,-0.18068466519525628
1876-03,1876,-0.28132491632063833
1876-04,1876,-0.5051506365635648
1876-05,1876,-0.37164150114874595
1876-06,1876,-0.13568894267532064
1876-08,1876,-0.32958345406375195
1876-08,1876,-0.3924034506829528
1876-09,1876,-0.23519587856588436
1876-10,1876,-0.4152341416569176
1876-11,1876,-0.31684565861622394
1876-12,1877,-0.12267765215429878
1877-02,1877,0.041087186090696705
1877-02,1877,0.06076345291904449
1877-03,1877,-0.09615576178971391
1877-04,1877,-0.09577113682172851
1877-05,1877,-0.08855074705543718
1877-06,1877,0.06424483326392123
1877-08,1877,0.19711013614158235
1877-08,1877,0.15698176770497613
1877-09,1877,0.11130885441016096
1877-10,1877,0.2940979195453873
1877-11,1877,0.1242161771924126
1877-12,1878,0.14765933536459008
1878-02,1878,0.4867770404279104
1878-02,1878,0.5274433528453769
1878-03,1878,0.2997319456309166
1878-04,1878,-0.0219077872088099
1878-05,1878,0.023503424512498934
1878-06,1878,0.12049504478654438
1878-08,1878,0.0634433958164875
1878-08,1878,-0.03096651260509862
1878-09,1878,-0.10740962582240088
1878-10,1878,0.019139466634631574
1878-11,1878,-0.07908418317052752
1878-12,1879,-0.08800467569117613
1879-02,1879,-0.06415959048275871
1879-02,1879,0.03623161213177543
1879-03,1879,-0.1788100494543205
1879-04,1879,-0.17205639661629285
1879-05,1879,-0.19616130602378937
1879-06,1879,-0.20537340362374537
1879-08,1879,-0.1556590091088563
1879-08,1879,-0.278468636342775
1879-09,1879,-0.14414783201894474
1879-10,1879,-0.23315402676294228
1879-11,1879,-0.5137922899279718
1879-12,1880,-0.36127076788836754
1880-02,1880,-0.3956380659389492
1880-02,1880,-0.15376579292808623
1880-03,1880,-0.24872479782670687
1880-04,1880,-0.2540064510461857
1880-05,1880,-0.3662157241017388
1880-06,1880,-0.27699510948046946
1880-08,1880,-0.1557703012497386
1880-08,1880,-0.301430682084777
1880-09,1880,-0.2904157908729689
1880-10,1880,-0.13943961615169068
1880-11,1880,-0.19488054171905997
1880-12,1881,-0.2060930867491375
1881-02,1881,-0.01652057586455352
1881-02,1881,0.010510403168668803
1881-03,1881,0.03509761268111971
1881-04,1881,-0.039624275849328816
1881-05,1881,-0.24069037224836667
1881-06,1881,-0.11048645794610783
1881-08,1881,-0.11999641499019455
1881-08,1881,-0.29723573231101
1881-09,1881,-0.2502314640830332
1881-10,1881,-0.338397054659564
1881-11,1881,-0.21354785959484282
1881-12,1882,0.044028651742763714
1882-02,1882,-0.05249588960728146
1882-02,1882,-0.0955806897655998
1882-03,1882,-0.22844388555755843
1882-04,1882,-0.2705894449402138
1882-05,1882,-0.302593613005259
1882-06,1882,-0.24536792974303226
1882-08,1882,-0.17067192349668428
1882-08,1882,-0.14220867316041652
1882-09,1882,-0.3122003969977053
1882-10,1882,-0.2326081655651844
1882-11,1882,-0.41511058556009583
1882-12,1883,-0.3858316743926008
1883-02,1883,-0.3581308147000272
1883-02,1883,-0.10982727783030748
1883-03,1883,-0.28101368059759924
1883-04,1883,-0.1856022954522235
1883-05,1883,-0.11982390908132785
1883-06,1883,-0.22418481805230242
1883-08,1883,-0.2520143462027809
1883-08,1883,-0.2800438767286078
1883-09,1883,-0.3575927318938669
1883-10,1883,-0.32644368031372467
1883-11,1883,-0.31667716547462865
1883-12,1884,-0.28012935254414406
1884-02,1884,-0.1516122782190634
1884-02,1884,-0.4129737853281993
1884-03,1884,-0.3954250917533844
1884-04,1884,-0.43385872586149726
1884-05,1884,-0.4210875721681469
1884-06,1884,-0.47461318806348174
1884-08,1884,-0.4348646433769778
1884-08,1884,-0.457989373405914
1884-09,1884,-0.42027593629138815
1884-10,1884,-0.5063574124452187
1884-11,1884,-0.4202985861272065
1884-12,1885,-0.5468934537980763
1885-02,1885,-0.3822685835480172
1885-02,1885,-0.3836385302874968
1885-03,1885,-0.4445015817343954
1885-04,1885,-0.47175792691812174
1885-05,1885,-0.4734333547569754
1885-06,1885,-0.32808942205194314
1885-08,1885,-0.4122596965994801
1885-08,1885,-0.31267157960251296
1885-09,1885,-0.2906063242075294
1885-10,1885,-0.2350790527680868
1885-11,1885,-0.25304553173581834
1885-12,1886,-0.48628711384718176
1886-02,1886,-0.4197543722314073
1886-02,1886,-0.40168567614180306
1886-03,1886,-0.314864851960804
1886-04,1886,-0.21793488195829452
1886-05,1886,-0.42239078447682893
1886-06,1886,-0.26502102186561355
1886-08,1886,-0.38672507508977694
1886-08,1886,-0.4502927405575725
1886-09,1886,-0.422699263734765
1886-10,1886,-0.46311064934507107
1886-11,1886,-0.4401159249928501
1886-12,1887,-0.775916725432911
1887-02,1887,-0.5983623409434288
1887-02,1887,-0.4103446759627878
1887-03,1887,-0.36137621532187736
1887-04,1887,-0.43268315186790335
1887-05,1887,-0.37457513556911154
1887-06,1887,-0.32703893849431603
1887-08,1887,-0.4564822540072397
1887-08,1887,-0.38843519840542856
1887-09,1887,-0.4249691546152402
1887-10,1887,-0.31672670229908506
1887-11,1887,-0.4111202298949798
1887-12,1888,-0.39050001953614366
1888-02,1888,-0.4164900888852085
1888-02,1888,-0.3578326593802532
1888-03,1888,-0.27780643843600783
1888-04,1888,-0.25122645208594013
1888-05,1888,-0.24324652335220237
1888-06,1888,-0.25089341499355466
1888-08,1888,-0.19664036341182867
1888-08,1888,-0.202025739583001
1888-09,1888,-0.07433237980896536
1888-10,1888,-0.10570135259401699
1888-11,1888,-0.16138534839312488
1888-12,1889,-0.03882212488711172
1889-02,1889,0.15995759066179263
1889-02,1889,0.16363667281991182
1889-03,1889,0.10333290970737265
1889-04,1889,-0.07745961794896844
1889-05,1889,-0.18897215718349825
1889-06,1889,-0.16577126527840774
1889-08,1889,-0.21914063608212367
1889-08,1889,-0.32201098772554615
1889-09,1889,-0.30934884807458196
1889-10,1889,-0.35372074634625894
1889-11,1889,-0.29604791235136085
1889-12,1890,-0.38581006520084044
1890-02,1890,-0.30943551247627643
1890-02,1890,-0.3998566218800111
1890-03,1890,-0.331634307551358
1890-04,1890,-0.3898228555739765
1890-05,1890,-0.3862458435888996
1890-06,1890,-0.436335385132253
1890-08,1890,-0.4151754354866404
1890-08,1890,-0.4621847185103388
1890-09,1890,-0.337903995237153
1890-10,1890,-0.5443002305981256
1890-11,1890,-0.3682922025400993
1890-12,1891,-0.4400753908959135
1891-02,1891,-0.5136022946211372
1891-02,1891,-0.15392797035099345
1891-03,1891,-0.2694606423232143
1891-04,1891,-0.162432080523325
1891-05,1891,-0.286786159719132
1891-06,1891,-0.32453335894615803
1891-08,1891,-0.25755112726122537
1891-08,1891,-0.243125656313024
1891-09,1891,-0.2995708060758527
1891-10,1891,-0.42791657867687116
1891-11,1891,-0.12984013546493772
1891-12,1892,-0.22710285437070354
1892-02,1892,-0.11576196330983395
1892-02,1892,-0.33725089485185467
1892-03,1892,-0.37536837145188906
1892-04,1892,-0.296679802251167
1892-05,1892,-0.34319293677304846
1892-06,1892,-0.46955982127333096
1892-08,1892,-0.43280023397534423
1892-08,1892,-0.39769975998761553
1892-09,1892,-0.37072615113455537
1892-10,1892,-0.6630332890765208
1892-11,1892,-0.5530942842395721
1892-12,1893,-0.7995200621690415
1893-02,1893,-0.4903663449468041
1893-02,1893,-0.24203585319152296
1893-03,1893,-0.35639841655128923
1893-04,1893,-0.3290803437158975
1893-05,1893,-0.30666835642731705
1893-06,1893,-0.1686808754820886
1893-08,1893,-0.24640073646418298
1893-08,1893,-0.3751574143010909
1893-09,1893,-0.21151288752285466
1893-10,1893,-0.337130614451127
1893-11,1893,-0.3871771569007438
1893-12,1894,-0.4974768120537987
1894-02,1894,-0.36972187583118693
1894-02,1894,-0.29014460713261714
1894-03,1894,-0.40584001268434233
1894-04,1894,-0.4246712925534383
1894-05,1894,-0.43758845345447156
1894-06,1894,-0.2473432207619008
1894-08,1894,-0.23989054951433794
1894-08,1894,-0.31210784493545085
1894-09,1894,-0.3310169214856474
1894-10,1894,-0.351609520774138
1894-11,1894,-0.39509010775366044
1894-12,1895,-0.40247476621888684
1895-02,1895,-0.40331981091922947
1895-02,1895,-0.2985961583109964
1895-03,1895,-0.24536938529843347
1895-04,1895,-0.3166883402882305
1895-05,1895,-0.2837544565625548
1895-06,1895,-0.20844291579341073
1895-08,1895,-0.2419454947344768
1895-08,1895,-0.26680414856244217
1895-09,1895,-0.2294349578044765
1895-10,1895,-0.1330633940648003
1895-11,1895,-0.22613760268826855
1895-12,1896,-0.1786383341535111
1896-02,1896,-0.18495393950986208
1896-02,1896,-0.2780211178353332
1896-03,1896,-0.31543248944646635
1896-04,1896,-0.13914497734941855
1896-05,1896,-0.08622727859751371
1896-06,1896,-0.08472597420945284
1896-08,1896,-0.08052632328613486
1896-08,1896,-0.1303350815536906
1896-09,1896,-0.04199410383615715
1896-10,1896,-0.11960680175558246
1896-11,1896,-0.11459944682007928
1896-12,1897,-0.09188035705879652
1897-02,1897,-0.13788704243560068
1897-02,1897,-0.14692362472747308
1897-03,1897,-0.022077640551007145
1897-04,1897,-0.020712272828151555
1897-05,1897,-0.12126637635793663
1897-06,1897,-0.11977599888577684
1897-08,1897,-0.12771962500023115
1897-08,1897,-0.17956656929981954
1897-09,1897,-0.22824984443763907
1897-10,1897,-0.2611826579818618
1897-11,1897,-0.2565671571914954
1897-12,1898,-0.1328217370800918
1898-02,1898,-0.3582372553588555
1898-02,1898,-0.4861286986153885
1898-03,1898,-0.32770466258196884
1898-04,1898,-0.38774416489825697
1898-05,1898,-0.22366734314558656
1898-06,1898,-0.3122693199011406
1898-08,1898,-0.31379475574858035
1898-08,1898,-0.32844968567741395
1898-09,1898,-0.48123411002690525
1898-10,1898,-0.4272917722798592
1898-11,1898,-0.41083385505345504
1898-12,1899,-0.1849096803402956
1899-02,1899,-0.2907492576244379
1899-02,1899,-0.28694682786434866
1899-03,1899,-0.19446806257712954
1899-04,1899,-0.17563101301192593
1899-05,1899,-0.3533772349250369
1899-06,1899,-0.23643913351343873
1899-08,1899,-0.1407059348833715
1899-08,1899,-0.1186228492145391
1899-09,1899,-0.09775826038792731
1899-10,1899,0.01668740400994093
1899-11,1899,-0.24197550034113877
1899-12,1900,-0.29769994843486924
1900-02,1900,0.0829223490755225
1900-02,1900,0.037446839574347725
1900-03,1900,-0.054509370162407644
1900-04,1900,-0.11484692269139221
1900-05,1900,-0.09657928022938726
1900-06,1900,-0.13977046849046146
1900-08,1900,-0.15659999733260252
1900-08,1900,-0.12212533991032017
1900-09,1900,-0.029893714825548784
1900-10,1900,-0.1541884326487946
1900-11,1900,-0.1516937277877167
1900-12,1901,-0.23999364695237024
1901-02,1901,-0.06587529263174703
1901-02,1901,-0.02455374616522392
1901-03,1901,-0.026690292245483457
1901-04,1901,-0.11635112573900377
1901-05,1901,-0.1729313226685699
1901-06,1901,-0.22613845430648555
1901-08,1901,-0.19468271500782536
1901-08,1901,-0.2944724099350888
1901-09,1901,-0.31754269811698427
1901-10,1901,-0.29115757365744765
1901-11,1901,-0.2536761451103901
1901-12,1902,-0.23102359782736154
1902-02,1902,-0.029338140031078142
1902-02,1902,-0.3054469194478727
1902-03,1902,-0.28645627645730354
1902-04,1902,-0.3322721863340104
1902-05,1902,-0.33203028149392605
1902-06,1902,-0.3110117863078459
1902-08,1902,-0.342139387219997
1902-08,1902,-0.31803617426745834
1902-09,1902,-0.43489117846447817
1902-10,1902,-0.46344217846278773
1902-11,1902,-0.4876515476270617
1902-12,1903,-0.22910614439472615
1903-02,1903,-0.15427640121891667
1903-02,1903,-0.26286337573851204
1903-03,1903,-0.459420769336046
1903-04,1903,-0.4243459080553796
1903-05,1903,-0.48857556335076424
1903-06,1903,-0.4158070875641654
1903-08,1903,-0.536353737717432
1903-08,1903,-0.5414065695022886
1903-09,1903,-0.6080008796889627
1903-10,1903,-0.5231724185973076
1903-11,1903,-0.618225522019246
1903-12,1904,-0.6330345924212802
1904-02,1904,-0.5921294838308923
1904-02,1904,-0.4569436851320939
1904-03,1904,-0.5105265034945391
1904-04,1904,-0.5115658234297958
1904-05,1904,-0.509587093760235
1904-06,1904,-0.5370250517912271
1904-08,1904,-0.4898947710231594
1904-08,1904,-0.5283387570796146
1904-09,1904,-0.4761673975836006
1904-10,1904,-0.27077269933523895
1904-11,1904,-0.41822721569472643
1904-12,1905,-0.38957271908483626
1905-02,1905,-0.5856984844790557
1905-02,1905,-0.3145475376796144
1905-03,1905,-0.36576348501187284
1905-04,1905,-0.2980561206288203
1905-05,1905,-0.2786354614725681
1905-06,1905,-0.3014721367068434
1905-08,1905,-0.2612960582882169
1905-08,1905,-0.3241634476987595
1905-09,1905,-0.31643568214915746
1905-10,1905,-0.20167628692961814
1905-11,1905,-0.2917131397459717
1905-12,1906,-0.2255991012872744
1906-02,1906,-0.22967871243813345
1906-02,1906,-0.08519300135020477
1906-03,1906,-0.03783138392975215
1906-04,1906,-0.31136354704006075
1906-05,1906,-0.22178443388242094
1906-06,1906,-0.27671835866077354
1906-08,1906,-0.2670822964929906
1906-08,1906,-0.3233200932258984
1906-09,1906,-0.2305620790624107
1906-10,1906,-0.33950763577932863
1906-11,1906,-0.2681854796402966
1906-12,1907,-0.3860182035751345
1907-02,1907,-0.46033058480677086
1907-02,1907,-0.2300779131780387
1907-03,1907,-0.36985811528147916
1907-04,1907,-0.4918524520259896
1907-05,1907,-0.4689533493545276
1907-06,1907,-0.3799617475208609
1907-08,1907,-0.43268995560635265
1907-08,1907,-0.38479675778152633
1907-09,1907,-0.28909321283274664
1907-10,1907,-0.47694170947111464
1907-11,1907,-0.5179001878276182
1907-12,1908,-0.4186165715499543
1908-02,1908,-0.30547536743457526
1908-02,1908,-0.5849138620309999
1908-03,1908,-0.5049714175735699
1908-04,1908,-0.3390944815073745
1908-05,1908,-0.3828001531070733
1908-06,1908,-0.3959177482606626
1908-08,1908,-0.4796758192907206
1908-08,1908,-0.37975203862169615
1908-09,1908,-0.4626879186213395
1908-10,1908,-0.5736185683800636
1908-11,1908,-0.612297060539667
1908-12,1909,-0.6776458361134569
1909-02,1909,-0.47915451386966645
1909-02,1909,-0.5480745072384593
1909-03,1909,-0.5619251494494233
1909-04,1909,-0.5072606761236452
1909-05,1909,-0.4717638537505427
1909-06,1909,-0.5192303345845537
1909-08,1909,-0.35081903764712075
1909-08,1909,-0.43079438310109963
1909-09,1909,-0.4433904421260795
1909-10,1909,-0.39073199872834286
1909-11,1909,-0.510047610832811
1909-12,1910,-0.3472921222788478
1910-02,1910,-0.43577890909751554
1910-02,1910,-0.48104988884902
1910-03,1910,-0.43582256150668824
1910-04,1910,-0.3698628454111828
1910-05,1910,-0.3995942217890625
1910-06,1910,-0.41961966774081366
1910-08,1910,-0.41012502670853973
1910-08,1910,-0.39834071808753685
1910-09,1910,-0.40868244128928843
1910-10,1910,-0.5554528463928025
1910-11,1910,-0.6998170550868754
1910-12,1911,-0.6148990514277314
1911-02,1911,-0.6185475124409987
1911-02,1911,-0.5712062856637489
1911-03,1911,-0.5223712960321668
1911-04,1911,-0.5007021950249432
1911-05,1911,-0.4953068800636717
1911-06,1911,-0.4914202905135322
1911-08,1911,-0.4603068215417826
1911-08,1911,-0.4609233779188071
1911-09,1911,-0.30335604284724366
1911-10,1911,-0.27976039768815675
1911-11,1911,-0.25409682103914644
1911-12,1912,-0.2284907843637303
1912-02,1912,-0.119308988070711
1912-02,1912,-0.2947388260212298
1912-03,1912,-0.1895610605029756
1912-04,1912,-0.25101568745204716
1912-05,1912,-0.21046850206103304
1912-06,1912,-0.42114983030634295
1912-08,1912,-0.5154658374016161
1912-08,1912,-0.542203447485615
1912-09,1912,-0.6069750418522761
1912-10,1912,-0.4193151224049615
1912-11,1912,-0.483519983663596
1912-12,1913,-0.4612432494275024
1913-02,1913,-0.46871091953551325
1913-02,1913,-0.4318176720520854
1913-03,1913,-0.3184364768203957
1913-04,1913,-0.4084266737657661
1913-05,1913,-0.46408708057852566
1913-06,1913,-0.39008483327805094
1913-08,1913,-0.3531364769004119
1913-08,1913,-0.38556683248384327
1913-09,1913,-0.3545277889256426
1913-10,1913,-0.25039002105319325
1913-11,1913,-0.09628230671034654
1913-12,1914,-0.06825056414178259
1914-02,1914,-0.1953026095547346
1914-02,1914,-0.2856059665506044
1914-03,1914,-0.31547112973333774
1914-04,1914,-0.2374832839574642
1914-05,1914,-0.25383701241283724
1914-06,1914,-0.25981621021697765
1914-08,1914,-0.17284877323441916
1914-08,1914,-0.254008684346259
1914-09,1914,-0.015286297758222435
1914-10,1914,-0.1302553155349614
1914-11,1914,-0.11339064600499553
1914-12,1915,-0.18184627498089675
1915-02,1915,-0.11368121925244057
1915-02,1915,0.007496108641849221
1915-03,1915,-0.005248147408385609
1915-04,1915,-0.004938887053694978
1915-05,1915,-0.14102917897759318
1915-06,1915,-0.12905573645889376
1915-08,1915,-0.07361760695575716
1915-08,1915,-0.1684024427729096
1915-09,1915,-0.24707433616926114
1915-10,1915,-0.05504462150958032
1915-11,1915,-0.2829517568706425
1915-12,1916,-0.19920657641013065
1916-02,1916,-0.12101632412560631
1916-02,1916,-0.3128803420806165
1916-03,1916,-0.27647593846692015
1916-04,1916,-0.29576415200062206
1916-05,1916,-0.3844602189752033
1916-06,1916,-0.3069824048548834
1916-08,1916,-0.36110359649162893
1916-08,1916,-0.34768494935311534
1916-09,1916,-0.43610598187497207
1916-10,1916,-0.5296506446208256
1916-11,1916,-0.7189290895671876
1916-12,1917,-0.6163593667646684
1917-02,1917,-0.6250423195050466
1917-02,1917,-0.7196659092011506
1917-03,1917,-0.4786246231084679
1917-04,1917,-0.5256393958773663
1917-05,1917,-0.45733102719648
1917-06,1917,-0.2623464371436839
1917-08,1917,-0.3036777518511901
1917-08,1917,-0.2686346469641193
1917-09,1917,-0.4840893899328354
1917-10,1917,-0.47832344777440555
1917-11,1917,-0.752338426452104
1917-12,1918,-0.46696121954803116
1918-02,1918,-0.5571577438861972
1918-02,1918,-0.40657025955615184
1918-03,1918,-0.48759251254713765
1918-04,1918,-0.47813939953799384
1918-05,1918,-0.3681797449310663
1918-06,1918,-0.34204892366557654
1918-08,1918,-0.3875265706267675
1918-08,1918,-0.22896977011191255
1918-09,1918,-0.06446954600747154
1918-10,1918,-0.08311541747868087
1918-11,1918,-0.32161019824894255
1918-12,1919,-0.20829549444202677
1919-02,1919,-0.1156898523507763
1919-02,1919,-0.30360021793922054
1919-03,1919,-0.10490543552020243
1919-04,1919,-0.2721326741493639
1919-05,1919,-0.32688637632559964
1919-06,1919,-0.32296463477481147
1919-08,1919,-0.33507218459575433
1919-08,1919,-0.3129945804044399
1919-09,1919,-0.29527376983955106
1919-10,1919,-0.4382397428326133
1919-11,1919,-0.4712213875286701
1919-12,1920,-0.1719096140276648
1920-02,1920,-0.29250108109455775
1920-02,1920,-0.0783237394449156
1920-03,1920,-0.2044654398126419
1920-04,1920,-0.20579954046948087
1920-05,1920,-0.21904592256003577
1920-06,1920,-0.23829987696062419
1920-08,1920,-0.2040882024023191
1920-08,1920,-0.15664825084866865
1920-09,1920,-0.16754710658368305
1920-10,1920,-0.24027393321052196
1920-11,1920,-0.41746223955289663
1920-12,1921,-0.14972121537497843
1921-02,1921,-0.17578989616903912
1921-02,1921,-0.24210401867059733
1921-03,1921,-0.23588964570479962
1921-04,1921,-0.261107499361506
1921-05,1921,-0.11327800927193528
1921-06,1921,-0.13037021216455413
1921-08,1921,-0.2649742580822914
1921-08,1921,-0.15208924154870876
1921-09,1921,-0.06718376467180193
1921-10,1921,-0.10038908175487546
1921-11,1921,-0.1491465751148968
1921-12,1922,-0.2789016003017949
1922-02,1922,-0.3118670221267402
1922-02,1922,-0.1531914050629773
1922-03,1922,-0.15263869957157067
1922-04,1922,-0.34772356023704376
1922-05,1922,-0.2994568674098924
1922-06,1922,-0.20433722932874357
1922-08,1922,-0.32023390198274587
1922-08,1922,-0.2905016707181556
1922-09,1922,-0.33076350274157085
1922-10,1922,-0.21709698765157628
1922-11,1922,-0.253988390733312
1922-12,1923,-0.2594764499412427
1923-02,1923,-0.3362577187512127
1923-02,1923,-0.3532879790705134
1923-03,1923,-0.30026485238710676
1923-04,1923,-0.30560444674281273
1923-05,1923,-0.20158231326459966
1923-06,1923,-0.32447183335709934
1923-08,1923,-0.3219635670760261
1923-08,1923,-0.29327184008795004
1923-09,1923,-0.07842334377641955
1923-10,1923,0.08350869621395857
1923-11,1923,-0.004958456946946459
1923-12,1924,-0.25839962490707136
1924-02,1924,-0.11439801518260904
1924-02,1924,0.0018580118777890091
1924-03,1924,-0.22263937617580884
1924-04,1924,-0.13444631608168323
1924-05,1924,-0.22985283272360224
1924-06,1924,-0.245665697825028
1924-08,1924,-0.2855697454061048
1924-08,1924,-0.28461068030354847
1924-09,1924,-0.3085841503744045
1924-10,1924,-0.18973166995854704
1924-11,1924,-0.43646365019891165
1924-12,1925,-0.4131977049346207
1925-02,1925,-0.39232910195259574
1925-02,1925,-0.1954229052329416
1925-03,1925,-0.2342305602773978
1925-04,1925,-0.16238222498440735
1925-05,1925,-0.2543781488414971
1925-06,1925,-0.23466061732557744
1925-08,1925,-0.11301335097477427
1925-08,1925,-0.15827142821847567
1925-09,1925,-0.14307236823310962
1925-10,1925,0.03250265034975299
1925-11,1925,0.08768681380554415
1925-12,1926,0.18306917128778774
1926-02,1926,0.013362298475817533
1926-02,1926,0.11018006250845878
1926-03,1926,-0.08880381946405713
1926-04,1926,-0.19139632515715657
1926-05,1926,-0.12202752678602742
1926-06,1926,-0.21840242644977065
1926-08,1926,-0.06627623771799832
1926-08,1926,-0.0805857092941881
1926-09,1926,0.0188049392794998
1926-10,1926,-0.02510324709165048
1926-11,1926,-0.1995747553669937
1926-12,1927,-0.19264229328894922
1927-02,1927,-0.09515354725771871
1927-02,1927,-0.29583395320746375
1927-03,1927,-0.1998475151137675
1927-04,1927,-0.17680773763537988
1927-05,1927,-0.2437727432789393
1927-06,1927,-0.16920404285488705
1927-08,1927,-0.12207900085361997
1927-08,1927,-0.07670584641501325
1927-09,1927,0.07273343601279231
1927-10,1927,-0.011155634074310914
1927-11,1927,-0.269415750060188
1927-12,1928,0.05992224343112125
1928-02,1928,-0.031284019039171905
1928-02,1928,-0.21248684658403041
1928-03,1928,-0.1794838540232908
1928-04,1928,-0.22458109759724626
1928-05,1928,-0.32174340476327395
1928-06,1928,-0.16210280945386948
1928-08,1928,-0.18173441034737103
1928-08,1928,-0.20387861350501463
1928-09,1928,-0.14716415666088659
1928-10,1928,-0.11504964691541733
1928-11,1928,-0.1420417866040155
1928-12,1929,-0.3695977586542927
1929-02,1929,-0.43191510414043344
1929-02,1929,-0.32831340186675445
1929-03,1929,-0.3171009931575073
1929-04,1929,-0.3664927102504464
1929-05,1929,-0.3479059435068646
1929-06,1929,-0.3623586828931912
1929-08,1929,-0.2120838442750247
1929-08,1929,-0.22294333498105184
1929-09,1929,-0.13399481480980172
1929-10,1929,-0.0697352200006692
1929-11,1929,-0.4917930600190959
1929-12,1930,-0.2001201104326898
1930-02,1930,-0.22802880243685839
1930-02,1930,-0.06432067532193815
1930-03,1930,-0.14813795548270609
1930-04,1930,-0.17971626644499966
1930-05,1930,-0.14997290276617628
1930-06,1930,-0.10249121477247256
1930-08,1930,-0.06954956209826782
1930-08,1930,-0.05649044603236011
1930-09,1930,-0.03959158264421281
1930-10,1930,0.17133704726877827
1930-11,1930,-0.017346686461492233
1930-12,1931,-0.050008290168897455
1931-02,1931,-0.15957520467512804
1931-02,1931,-0.03405798200664303
1931-03,1931,-0.12573757275532452
1931-04,1931,-0.1383864856188124
1931-05,1931,-0.021551172790986717
1931-06,1931,0.01943132758669613
1931-08,1931,0.021540441776642362
1931-08,1931,0.004411128530197479
1931-09,1931,0.07595122268492246
1931-10,1931,-0.009771201758056246
1931-11,1931,-0.019576133571176844
1931-12,1932,0.11941558104443588
1932-02,1932,-0.13445786787454247
1932-02,1932,-0.08271356290712145
1932-03,1932,0.02386522298334374
1932-04,1932,-0.06226487484567019
1932-05,1932,-0.16360352559580216
1932-06,1932,-0.11118573359122665
1932-08,1932,-0.15961833211115636
1932-08,1932,0.03882718920882278
1932-09,1932,-0.06027935066044378
1932-10,1932,-0.25929813277315034
1932-11,1932,-0.20963769912709726
1932-12,1933,-0.23484565733956542
1933-02,1933,-0.24695674747272353
1933-02,1933,-0.29031552758975887
1933-03,1933,-0.22560389968343553
1933-04,1933,-0.24186202491761474
1933-05,1933,-0.32092708045578294
1933-06,1933,-0.23649617961228242
1933-08,1933,-0.18244509714246418
1933-08,1933,-0.2980898573152284
1933-09,1933,-0.20828303487854766
1933-10,1933,-0.3167139221816936
1933-11,1933,-0.48487695302280653
1933-12,1934,-0.2540982193419296
1934-02,1934,-0.07900502255988281
1934-02,1934,-0.3396156380985446
1934-03,1934,-0.28575780159959346
1934-04,1934,-0.12842777750050915
1934-05,1934,-0.07823478890613954
1934-06,1934,-0.08092750067090197
1934-08,1934,-0.09043734503156621
1934-08,1934,-0.12297221613945378
1934-09,1934,-0.04056284731531635
1934-10,1934,0.11217612414990936
1934-11,1934,-0.09222017038696459
1934-12,1935,-0.30647659641226915
1935-02,1935,0.1232524978792915
1935-02,1935,-0.14884312808644196
1935-03,1935,-0.2666652842977242
1935-04,1935,-0.26986700157568566
1935-05,1935,-0.17274135231562257
1935-06,1935,-0.15227269777948216
1935-08,1935,-0.1653275611999551
1935-08,1935,-0.1705179449037628
1935-09,1935,-0.0658463450298682
1935-10,1935,-0.28801579457697807
1935-11,1935,-0.20924380856461733
1935-12,1936,-0.2902370381635701
1936-02,1936,-0.2658690368038451
1936-02,1936,-0.22943081432059226
1936-03,1936,-0.14219034939307362
1936-04,1936,-0.13909980060568292
1936-05,1936,-0.11162890068795948
1936-06,1936,-0.022849119400106737
1936-08,1936,-0.07326782845485626
1936-08,1936,-0.07148566915876042
1936-09,1936,0.028554935923457994
1936-10,1936,-0.02668115841977354
1936-11,1936,-0.012979700117220083
1936-12,1937,-0.061260101840744166
1937-02,1937,0.10600325671299504
1937-02,1937,-0.11637004247999473
1937-03,1937,-0.06766445631582568
1937-04,1937,-0.02353981245829644
1937-05,1937,0.026239520389282678
1937-06,1937,0.0459687215142151
1937-08,1937,0.0866088051811081
1937-08,1937,0.16964060893951222
1937-09,1937,0.1570043080876871
1937-10,1937,0.11191487207022983
1937-11,1937,-0.035413703485995374
1937-12,1938,0.06747768073270352
1938-02,1938,0.097698905857961
1938-02,1938,0.10772780903701104
1938-03,1938,0.07714506230450284
1938-04,1938,-0.06843536892986335
1938-05,1938,-0.10685485514187629
1938-06,1938,-0.041400435913265796
1938-08,1938,-0.024223585484636267
1938-08,1938,0.06174393869240948
1938-09,1938,0.16898745245510485
1938-10,1938,0.10688550832048796
1938-11,1938,-0.14821027995857197
1938-12,1939,-0.06356548655358818
1939-02,1939,-0.08003681949955731
1939-02,1939,-0.1843152677258646
1939-03,1939,-0.03177832357703943
1939-04,1939,0.031805180018803995
1939-05,1939,0.030710029913000696
1939-06,1939,-0.016092686396290846
1939-08,1939,0.018374278397379335
1939-08,1939,0.03675065476938331
1939-09,1939,-0.09778277805547161
1939-10,1939,0.003125367482832573
1939-11,1939,0.3384322934431989
1939-12,1940,0.06005254187855522
1940-02,1940,0.13815563302531442
1940-02,1940,0.15660241357088328
1940-03,1940,0.15590143724110625
1940-04,1940,0.08494062203343031
1940-05,1940,0.05365218792751768
1940-06,1940,0.11823380306800799
1940-08,1940,0.0832923905392941
1940-08,1940,0.1275626233499794
1940-09,1940,0.07007002172848045
1940-10,1940,0.032319305552498484
1940-11,1940,0.18879363939455518
1940-12,1941,-0.014970210504779346
1941-02,1941,0.15419450321045128
1941-02,1941,-0.022672405224581128
1941-03,1941,0.04353270402834539
1941-04,1941,0.045472070191047584
1941-05,1941,0.09697493248943383
1941-06,1941,0.13214221780549537
1941-08,1941,-0.0025776326074045484
1941-08,1941,-0.13282435304761447
1941-09,1941,0.2388623792271602
1941-10,1941,0.0459852466961568
1941-11,1941,0.09043340237445477
1941-12,1942,0.33137892055494794
1942-02,1942,0.03055956437149791
1942-02,1942,0.10520402298680036
1942-03,1942,0.004143884000262072
1942-04,1942,0.10477054090685828
1942-05,1942,0.056006032905272944
1942-06,1942,0.031944370982244626
1942-08,1942,-0.029687121609968815
1942-08,1942,0.03314511075738115
1942-09,1942,0.04834829555675264
1942-10,1942,0.03727061360249782
1942-11,1942,0.05183665614227809
1942-12,1943,-0.01719420248179891
1943-02,1943,0.15346572139872172
1943-02,1943,-0.031022434504989232
1943-03,1943,0.16866415287387443
1943-04,1943,0.09787665473220454
1943-05,1943,0.021564017824803442
1943-06,1943,0.09691695067820813
1943-08,1943,0.11341772931804377
1943-08,1943,0.07134756572438972
1943-09,1943,0.35194721975763926
1943-10,1943,0.2391137863492729
1943-11,1943,0.20702892872676953
1943-12,1944,0.3866498523637093
1944-02,1944,0.24686172860264677
1944-02,1944,0.2744511855327296
1944-03,1944,0.17814578820036764
1944-04,1944,0.21837338725259836
1944-05,1944,0.1442019099056152
1944-06,1944,0.23345751026324313
1944-08,1944,0.26808639123114203
1944-08,1944,0.3208457591227635
1944-09,1944,0.3260068044177425
1944-10,1944,0.1331678009198357
1944-11,1944,0.12419989266838584
1944-12,1945,0.1017634795582135
1945-02,1945,0.07447636235665257
1945-02,1945,0.11073693657044156
1945-03,1945,0.26105055827909907
1945-04,1945,0.020558673336124836
1945-05,1945,0.06751166487361628
1945-06,1945,0.03326750901692369
1945-08,1945,0.31331139502130523
1945-08,1945,0.16604826384415344
1945-09,1945,0.26544135967794863
1945-10,1945,0.11831595695451895
1945-11,1945,-0.08229902223550269
1945-12,1946,0.10443148236882566
1946-02,1946,-0.08015067830619287
1946-02,1946,0.06509370303462628
1946-03,1946,0.11808031727166736
1946-04,1946,-0.009844692857305352
1946-05,1946,-0.20647757345255
1946-06,1946,-0.053375072234969255
1946-08,1946,-0.1355452564244373
1946-08,1946,-0.06564714362335543
1946-09,1946,0.010623204168726065
1946-10,1946,-0.027754449278076302
1946-11,1946,-0.2872561319544165
1946-12,1947,-0.027759457370534205
1947-02,1947,0.004820892525752611
1947-02,1947,0.13373121516049216
1947-03,1947,0.06480047213011847
1947-04,1947,-0.033591048517415976
1947-05,1947,0.0146517342918773
1947-06,1947,-0.007810095373945199
1947-08,1947,-0.07468212477342401
1947-08,1947,-0.08253647822148806
1947-09,1947,0.07784005494122534
1947-10,1947,0.0804240879807294
1947-11,1947,-0.10778760354083587
1947-12,1948,0.05255083793778038
1948-02,1948,-0.12851183793651724
1948-02,1948,-0.14622408319755167
1948-03,1948,-0.10840972069472864
1948-04,1948,0.12611753089628544
1948-05,1948,0.07213286171145986
1948-06,1948,-0.06650825670454395
1948-08,1948,-0.005482250523022975
1948-08,1948,-0.10817146787555179
1948-09,1948,-0.022994557268510265
1948-10,1948,-0.0958973426100128
1948-11,1948,-0.2815117110343094
1948-12,1949,0.09008566114730264
1949-02,1949,-0.15781708258717395
1949-02,1949,-0.02787706476951698
1949-03,1949,-0.0278190169601992
1949-04,1949,-0.07621333816941424
1949-05,1949,-0.201113595248532
1949-06,1949,-0.14020984775339757
1949-08,1949,-0.0695237693443387
1949-08,1949,-0.12828763474494256
1949-09,1949,-0.03618360381450813
1949-10,1949,-0.08622072342728826
1949-11,1949,-0.09938933259672761
1949-12,1950,-0.2536872521098595
1950-02,1950,-0.2900582024586892
1950-02,1950,-0.0800704095950351
1950-03,1950,-0.1798121955505834
1950-04,1950,-0.0543223989845943
1950-05,1950,-0.05388193242593825
1950-06,1950,-0.03877892632131516
1950-08,1950,-0.15327563195493574
1950-08,1950,-0.1429611263594027
1950-09,1950,-0.13514481347961846
1950-10,1950,-0.27265211466388234
1950-11,1950,-0.20384158557393428
1950-12,1951,-0.3234935952097777
1951-02,1951,-0.3863306547654207
1951-02,1951,-0.13270397028007686
1951-03,1951,-0.0434912111912916
1951-04,1951,0.09837378691237911
1951-05,1951,0.1100073303402588
1951-06,1951,0.07147283642995975
1951-08,1951,0.16593667437062648
1951-08,1951,0.1366519244917949
1951-09,1951,0.1861086714265434
1951-10,1951,0.01973584091626897
1951-11,1951,0.18064402930793333
1951-12,1952,0.1797862642667997
1952-02,1952,0.18398753036858564
1952-02,1952,0.007390749236597174
1952-03,1952,0.11363395160923775
1952-04,1952,0.10734275645235872
1952-05,1952,0.10447253565176612
1952-06,1952,0.12278928857507877
1952-08,1952,0.11656149223565704
1952-08,1952,0.15776752463824661
1952-09,1952,0.06655211398944919
1952-10,1952,-0.02859277284707177
1952-11,1952,0.06846865755724016
1952-12,1953,0.10913736059410492
1953-02,1953,0.23399522640052328
1953-02,1953,0.15626918679017823
1953-03,1953,0.3181862531650563
1953-04,1953,0.23264623252996702
1953-05,1953,0.21656402895781401
1953-06,1953,0.12489375479637153
1953-08,1953,0.13115173400575666
1953-08,1953,0.13693810693769087
1953-09,1953,0.1254302891237903
1953-10,1953,0.06557755218439804
1953-11,1953,0.12135059875062211
1953-12,1954,-0.16863599269507698
1954-02,1954,0.01429690131295662
1954-02,1954,-0.03947026745077116
1954-03,1954,-0.05502298901196556
1954-04,1954,-0.06291130106049225
1954-05,1954,-0.05438309699917284
1954-06,1954,-0.1131933959438968
1954-08,1954,-0.050985171661558644
1954-08,1954,-0.06266735767872098
1954-09,1954,0.05795872848349136
1954-10,1954,0.15161108032681325
1954-11,1954,-0.11468297431797192
1954-12,1955,0.20293045201002155
1955-02,1955,-0.1378792995297621
1955-02,1955,-0.26784510722293653
1955-03,1955,-0.18352723328544251
1955-04,1955,-0.19625017992458563
1955-05,1955,-0.0894099256918335
1955-06,1955,-0.11551100635660785
1955-08,1955,0.03799886581366619
1955-08,1955,-0.091085629343509
1955-09,1955,-0.057752524642659224
1955-10,1955,-0.25014600807599513
1955-11,1955,-0.29502493646934747
1955-12,1956,-0.12830309361270276
1956-02,1956,-0.17343422865330782
1956-02,1956,-0.2156362775754339
1956-03,1956,-0.23757651657037793
1956-04,1956,-0.2724169273427372
1956-05,1956,-0.1804697579850701
1956-06,1956,-0.14115063878721804
1956-08,1956,-0.2780225048665153
1956-08,1956,-0.24503272134700513
1956-09,1956,-0.2373137984198643
1956-10,1956,-0.15834729203006642
1956-11,1956,-0.06202232416000806
1956-12,1957,-0.12619852723248795
1957-02,1957,-0.05120676115289037
1957-02,1957,-0.06838232009017806
1957-03,1957,0.009497744735800015
1957-04,1957,0.12252029448166313
1957-05,1957,0.1334396392552223
1957-06,1957,-0.01323998198626378
1957-08,1957,0.11058249175063543
1957-08,1957,0.08175228602787743
1957-09,1957,0.058938752815546884
1957-10,1957,0.10158855372074987
1957-11,1957,0.10471458547327776
1957-12,1958,0.32700441032620214
1958-02,1958,0.1979829507050063
1958-02,1958,0.14924509892178858
1958-03,1958,-6.674320031386488e-05
1958-04,1958,0.032200671072350924
1958-05,1958,-0.08168110358220304
1958-06,1958,0.037291311409726476
1958-08,1958,-0.04248600261406132
1958-08,1958,-0.08486820578129255
1958-09,1958,0.040061381123734384
1958-10,1958,0.04663376034828952
1958-11,1958,0.04043510768009019
1958-12,1959,0.07569272606025952
1959-02,1959,0.0353535384112065
1959-02,1959,0.15746922417372483
1959-03,1959,0.12972974113927752
1959-04,1959,0.05095816484794828
1959-05,1959,0.052126716013174264
1959-06,1959,0.04632928518862644
1959-08,1959,0.005141955475556397
1959-08,1959,-0.057868750053115335
1959-09,1959,-0.002502291345778098
1959-10,1959,-0.10255355320907096
1959-11,1959,-0.019364662478470546
1959-12,1960,-0.013099756450750786
1960-02,1960,0.1252277058332492
1960-02,1960,-0.30099011334555786
1960-03,1960,-0.18981161979086084
1960-04,1960,-0.0926606242037797
1960-05,1960,-0.05028670855689815
1960-06,1960,-0.03519094528523074
1960-08,1960,0.037878820840982
1960-08,1960,0.05521533066137909
1960-09,1960,0.022150794207586328
1960-10,1960,-0.1420748842641491
1960-11,1960,0.1452163538333168
1960-12,1961,0.042095800376096254
1961-02,1961,0.16992659140190813
1961-02,1961,0.06119872984057518
1961-03,1961,0.13542369921631375
1961-04,1961,0.13764582641102138
1961-05,1961,0.11796220384623014
1961-06,1961,0.010071016687552881
1961-08,1961,0.017822136591789
1961-08,1961,0.0030013144967432257
1961-09,1961,-0.02569442308007727
1961-10,1961,0.02867358782715025
1961-11,1961,-0.15890739927523004
1961-12,1962,0.042509247516388196
1962-02,1962,0.1228890815983935
1962-02,1962,0.14839450105005608
1962-03,1962,0.015400177096091299
1962-04,1962,-0.1500532253688694
1962-05,1962,-0.05311732033357785
1962-06,1962,-0.05010658914872644
1962-08,1962,-0.054039733472179934
1962-08,1962,-0.04729854527496918
1962-09,1962,-0.004356554243987482
1962-10,1962,0.023549289801860693
1962-11,1962,-0.036165739025681855
1962-12,1963,-0.021029062149557434
1963-02,1963,0.15416577167343215
1963-02,1963,-0.1944208322094283
1963-03,1963,-0.09621377151036553
1963-04,1963,-0.09841727823013778
1963-05,1963,-0.03435200446613144
1963-06,1963,0.12013267072221603
1963-08,1963,0.25101380991746464
1963-08,1963,0.18278707692382587
1963-09,1963,0.13618786183868706
1963-10,1963,0.14433088607828728
1963-11,1963,0.0035956800747769854
1963-12,1964,-0.08729580167631958
1964-02,1964,-0.1169760532214045
1964-02,1964,-0.27441181453349445
1964-03,1964,-0.34339438409274947
1964-04,1964,-0.2906704328700341
1964-05,1964,-0.07809141789792697
1964-06,1964,-0.0812445326870764
1964-08,1964,-0.24073417946832396
1964-08,1964,-0.32207120264792377
1964-09,1964,-0.302208731553195
1964-10,1964,-0.2556983474221077
1964-11,1964,-0.3056134744625201
1964-12,1965,-0.07712296403144236
1965-02,1965,-0.1502411663343524
1965-02,1965,-0.14290325624284694
1965-03,1965,-0.22692885857889222
1965-04,1965,-0.14473876820290563
1965-05,1965,-0.15377546424141716
1965-06,1965,-0.15716472250350783
1965-08,1965,-0.08334809248463794
1965-08,1965,-0.1677708658253286
1965-09,1965,-0.01779240910525444
1965-10,1965,-0.06222819674426532
1965-11,1965,-0.05306609455488503
1965-12,1966,-0.17580201739503767
1966-02,1966,-0.058398037427360806
1966-02,1966,-0.024097892969056383
1966-03,1966,-0.07553327310194069
1966-04,1966,-0.1329295311126462
1966-05,1966,-0.02223223334167267
1966-06,1966,0.09726844281475952
1966-08,1966,-0.05892366024149584
1966-08,1966,-0.0025224404745745246
1966-09,1966,-0.17153393531773975
1966-10,1966,-0.031244512784536584
1966-11,1966,-0.061911450196646955
1966-12,1967,-0.11331042730806973
1967-02,1967,-0.2472049142002468
1967-02,1967,0.027117217643705352
1967-03,1967,-0.0476738095157246
1967-04,1967,0.15732681446230112
1967-05,1967,-0.06901513403854549
1967-06,1967,-0.003582623196167851
1967-08,1967,-0.05055431788006891
1967-08,1967,-0.03601617260345215
1967-09,1967,0.02036191199337246
1967-10,1967,-0.08192279684654225
1967-11,1967,-0.0779103108136105
1967-12,1968,-0.24101149711588313
1968-02,1968,-0.16644672756656262
1968-02,1968,0.11611380318773179
1968-03,1968,-0.10391502239433895
1968-04,1968,-0.1768291963929629
1968-05,1968,-0.07111286647426898
1968-06,1968,-0.16629157332177266
1968-08,1968,-0.10607185225958772
1968-08,1968,-0.17262314505346543
1968-09,1968,0.04373828107211802
1968-10,1968,-0.08344728392267106
1968-11,1968,-0.14304770292053384
1968-12,1969,-0.09635390589415288
1969-02,1969,-0.13036925497579963
1969-02,1969,-0.028611223185449234
1969-03,1969,0.1088556415335467
1969-04,1969,0.16608715168690324
1969-05,1969,0.06615743387457902
1969-06,1969,-0.06089046512475704
1969-08,1969,0.00010083425768467658
1969-08,1969,0.058686111009175645
1969-09,1969,0.057327905453814276
1969-10,1969,0.1054520120752296
1969-11,1969,0.21279517444276605
1969-12,1970,0.10536902113417336
1970-02,1970,0.1443849937657525
1970-02,1970,0.030487758294735528
1970-03,1970,0.04265470717944022
1970-04,1970,-0.03126508977335869
1970-05,1970,-0.06732076735417489
1970-06,1970,-0.03431073659568705
1970-08,1970,-0.1339401526186405
1970-08,1970,0.06652682476392169
1970-09,1970,-0.020135785590117847
1970-10,1970,-0.04669338028375695
1970-11,1970,-0.16199064686341838
1970-12,1971,-0.09028382923010013
1971-02,1971,-0.2118781762736414
1971-02,1971,-0.20154151320299643
1971-03,1971,-0.12644956977970911
1971-04,1971,-0.09040613734912539
1971-05,1971,-0.18636416743208783
1971-06,1971,-0.11354112414914753
1971-08,1971,-0.09822658918129
1971-08,1971,-0.07352040664680463
1971-09,1971,-0.08551316165912302
1971-10,1971,-0.0752572246447498
1971-11,1971,-0.1725632726408654
1971-12,1972,-0.2710849603415447
1972-02,1972,-0.21880984176654286
1972-02,1972,0.014275290465711988
1972-03,1972,-0.01152533524988506
1972-04,1972,-0.012087057549339331
1972-05,1972,0.026274988876013563
1972-06,1972,-0.006960195502496006
1972-08,1972,0.1314514981228513
1972-08,1972,0.016613058122224328
1972-09,1972,0.0025435055203774054
1972-10,1972,-0.004678281566690221
1972-11,1972,0.19852075235703945
1972-12,1973,0.25676850035435317
1973-02,1973,0.26667544585602565
1973-02,1973,0.2391969730912798
1973-03,1973,0.25516127802488536
1973-04,1973,0.20833526985009804
1973-05,1973,0.15547517398905003
1973-06,1973,0.07672788366422245
1973-08,1973,0.02812274151582961
1973-08,1973,0.02499458749307257
1973-09,1973,0.034243989277872755
1973-10,1973,0.04034883028208053
1973-11,1973,-0.03829550659572477
1973-12,1974,-0.170484192451495
1974-02,1974,-0.2991121527702383
1974-02,1974,-0.11667912373116295
1974-03,1974,-0.13581311136299368
1974-04,1974,-0.10277637891731871
1974-05,1974,-0.06600137353063103
1974-06,1974,-0.04703462218649075
1974-08,1974,0.0909882326432321
1974-08,1974,-0.04363833313813954
1974-09,1974,-0.07653304503317712
1974-10,1974,-0.09153117862505022
1974-11,1974,-0.12641185106243566
1974-12,1975,0.009509676405800905
1975-02,1975,0.11381898316656139
1975-02,1975,0.13176059923025066
1975-03,1975,0.07143455995715804
1975-04,1975,0.13665607274437316
1975-05,1975,-0.024860521441350925
1975-06,1975,-0.032570252009759576
1975-08,1975,-0.1924472693361055
1975-08,1975,-0.05484848840856229
1975-09,1975,-0.11319973050342884
1975-10,1975,-0.19946182658329129
1975-11,1975,-0.1594148534575998
1975-12,1976,-0.06937632162631452
1976-02,1976,-0.12602096993790482
1976-02,1976,-0.23995213745552393
1976-03,1976,-0.10917779165941019
1976-04,1976,-0.25564495299955403
1976-05,1976,-0.1419941507184086
1976-06,1976,-0.07136075270710024
1976-08,1976,-0.11724059713407194
1976-08,1976,-0.03348388034608482
1976-09,1976,-0.21312259605438968
1976-10,1976,-0.04725547099254395
1976-11,1976,0.10194198420192503
1976-12,1977,0.2526111609998935
1977-02,1977,0.22173392825765023
1977-02,1977,0.21232716498709306
1977-03,1977,0.23312077670126097
1977-04,1977,0.3171498231953522
1977-05,1977,0.2908871900412117
1977-06,1977,0.21363859269670377
1977-08,1977,0.2446110995856504
1977-08,1977,0.09532513253220029
1977-09,1977,0.08290793334546875
1977-10,1977,0.2077608232037738
1977-11,1977,0.059077344548826766
1977-12,1978,0.10574320498583246
1978-02,1978,0.1871219324474398
1978-02,1978,0.20454644140365244
1978-03,1978,0.14873965135479547
1978-04,1978,0.12727112610689315
1978-05,1978,-0.004663466138124065
1978-06,1978,0.09944729810496958
1978-08,1978,-0.15633204642035164
1978-08,1978,0.1053645402609626
1978-09,1978,0.008592216410714245
1978-10,1978,0.17298852206937293
1978-11,1978,0.0973332071377749
1978-12,1979,0.13246961325147566
1979-02,1979,-0.07462345218601577
1979-02,1979,0.20178145870995876
1979-03,1979,0.16884958254194118
1979-04,1979,0.06016562200807745
1979-05,1979,0.0889677709105039
1979-06,1979,0.061232483240935845
1979-08,1979,0.17942512382429435
1979-08,1979,0.2681433079345474
1979-09,1979,0.253396120111701
1979-10,1979,0.29100132941406076
1979-11,1979,0.485901606029422
1979-12,1980,0.36954283892196144
1980-02,1980,0.47790173228427535
1980-02,1980,0.384053455375294
1980-03,1980,0.3846228814581328
1980-04,1980,0.3546871942146963
1980-05,1980,0.22267131139469215
1980-06,1980,0.3377041418274054
1980-08,1980,0.2763222017686838
1980-08,1980,0.22985122658615195
1980-09,1980,0.1615343934787491
1980-10,1980,0.28829767719002464
1980-11,1980,0.18932003311739834
1980-12,1981,0.5284891248741175
1981-02,1981,0.42422852818527096
1981-02,1981,0.46748343511091195
1981-03,1981,0.2963835452419609
1981-04,1981,0.23601187821176148
1981-05,1981,0.3310291093546135
1981-06,1981,0.337805845203798
1981-08,1981,0.39313617253849203
1981-08,1981,0.23988661800517466
1981-09,1981,0.15816995491676286
1981-10,1981,0.2445882040307832
1981-11,1981,0.4536861254881903
1981-12,1982,0.09957325454401193
1982-02,1982,0.1741652992116842
1982-02,1982,-0.002600106291662318
1982-03,1982,0.06399144738523416
1982-04,1982,0.15548766234780756
1982-05,1982,0.0931552585370945
1982-06,1982,0.1617396323817039
1982-08,1982,0.06856955511614063
1982-08,1982,0.15852221179831955
1982-09,1982,0.14026518814274141
1982-10,1982,0.12510141682836434
1982-11,1982,0.37678098144067373
1982-12,1983,0.4605794822168262
1983-02,1983,0.44500464236352333
1983-02,1983,0.39339656159414094
1983-03,1983,0.3000472391856108
1983-04,1983,0.3426691402286661
1983-05,1983,0.24693754315920718
1983-06,1983,0.19256312639340098
1983-08,1983,0.3353781153935284
1983-08,1983,0.41697284294118453
1983-09,1983,0.1593239872319262
1983-10,1983,0.3170453125439513
1983-11,1983,0.1764714805198542
1983-12,1984,0.24202692583073954
1984-02,1984,0.13360710979896018
1984-02,1984,0.2818949645796402
1984-03,1984,0.12435234681194489
1984-04,1984,0.3313144180866205
1984-05,1984,0.03524176099730208
1984-06,1984,0.08215079841846722
1984-08,1984,0.1449764398324255
1984-08,1984,0.23289075794995173
1984-09,1984,0.12612008661730384
1984-10,1984,0.023770327220884065
1984-11,1984,-0.059085515983121936
1984-12,1985,0.2583460011168597
1985-02,1985,0.017375962791922897
1985-02,1985,0.17992522826046997
1985-03,1985,0.13386186992300095
1985-04,1985,0.16095192995819563
1985-05,1985,0.1492261652285288
1985-06,1985,0.015575703111697233
1985-08,1985,0.1704597509000188
1985-08,1985,0.13196260875169163
1985-09,1985,0.13755269812848372
1985-10,1985,0.08313444074182129
1985-11,1985,0.17293573995218983
1985-12,1986,0.22311323978108982
1986-02,1986,0.4273565557023461
1986-02,1986,0.2702457041473299
1986-03,1986,0.2621680344526196
1986-04,1986,0.23621711180631075
1986-05,1986,0.1304222894802796
1986-06,1986,0.13712231531369487
1986-08,1986,0.17319543450413594
1986-08,1986,0.1380304225377906
1986-09,1986,0.1594525120125353
1986-10,1986,0.13705625533607232
1986-11,1986,0.1493711751558432
1986-12,1987,0.3233057605253592
1987-02,1987,0.40494204476765744
1987-02,1987,0.22556218497067926
1987-03,1987,0.23169065483884785
1987-04,1987,0.25995075589859384
1987-05,1987,0.3506282934943499
1987-06,1987,0.47463741455589736
1987-08,1987,0.314397449691624
1987-08,1987,0.40243982077721563
1987-09,1987,0.2947672741043409
1987-10,1987,0.25078541239050217
1987-11,1987,0.4595279543127914
1987-12,1988,0.49547720520587396
1988-02,1988,0.4116070625485672
1988-02,1988,0.47070058903845047
1988-03,1988,0.45705964092706675
1988-04,1988,0.3994508608279021
1988-05,1988,0.4095548669230162
1988-06,1988,0.3207876872810158
1988-08,1988,0.4124052583282769
1988-08,1988,0.39461777664208975
1988-09,1988,0.3256528781116917
1988-10,1988,0.1351881955896443
1988-11,1988,0.25029629443906554
1988-12,1989,0.043535823158035496
1989-02,1989,0.3403356518761797
1989-02,1989,0.30723722343821913
1989-03,1989,0.28100607697731733
1989-04,1989,0.10041821953216473
1989-05,1989,0.13894939705962753
1989-06,1989,0.3164509633281611
1989-08,1989,0.3210383825572683
1989-08,1989,0.35022862113582043
1989-09,1989,0.31249390478713496
1989-10,1989,0.19309636070041492
1989-11,1989,0.37988839906363014
1989-12,1990,0.397204831867221
1990-02,1990,0.40593159945600493
1990-02,1990,0.7545424864910812
1990-03,1990,0.5969496907661412
1990-04,1990,0.49451582567331775
1990-05,1990,0.3768733130154017
1990-06,1990,0.4672626526815234
1990-08,1990,0.3628698676587601
1990-08,1990,0.32210757195834894
1990-09,1990,0.4458094409749101
1990-10,1990,0.434093393299269
1990-11,1990,0.3887354370520999
1990-12,1991,0.41768502602375235
1991-02,1991,0.525900935380746
1991-02,1991,0.3916521404574423
1991-03,1991,0.5368976456042218
1991-04,1991,0.4176711419026669
1991-05,1991,0.5327551017288695
1991-06,1991,0.5274544346594722
1991-08,1991,0.4726845550736082
1991-08,1991,0.44890537447896944
1991-09,1991,0.3532885145794703
1991-10,1991,0.3410906804690931
1991-11,1991,0.33387407193962965
1991-12,1992,0.4768477628787619
1992-02,1992,0.4454411084588491
1992-02,1992,0.4677201378077784
1992-03,1992,0.28614794377164915
1992-04,1992,0.2886814964398567
1992-05,1992,0.2783828462455935
1992-06,1992,0.15062923010877344
1992-08,1992,0.1328579813686493
1992-08,1992,0.026149396718001854
1992-09,1992,0.06639587468962853
1992-10,1992,0.041783199132802915
1992-11,1992,0.19929531536989387
1992-12,1993,0.3698901678983328
1993-02,1993,0.42864782839904436
1993-02,1993,0.37849432858711257
1993-03,1993,0.30588523482880087
1993-04,1993,0.29840269429295885
1993-05,1993,0.2906062052064355
1993-06,1993,0.2810027046759403
1993-08,1993,0.21025684799825037
1993-08,1993,0.19811336041114014
1993-09,1993,0.25998784718300805
1993-10,1993,0.13549782260665844
1993-11,1993,0.1940886388162214
1993-12,1994,0.26090895287617877
1994-02,1994,0.09427795654002663
1994-02,1994,0.3759439225479655
1994-03,1994,0.38944174407087373
1994-04,1994,0.3059995860599386
1994-05,1994,0.4024368418962795
1994-06,1994,0.3029198900988824
1994-08,1994,0.23127511018264557
1994-08,1994,0.3863993852269678
1994-09,1994,0.43638508565096334
1994-10,1994,0.4419098345111966
1994-11,1994,0.34256025876837676
1994-12,1995,0.5017243275619706
1995-02,1995,0.7709249682468498
1995-02,1995,0.5017546459876542
1995-03,1995,0.5269379506843441
1995-04,1995,0.3352668050098771
1995-05,1995,0.506075814675391
1995-06,1995,0.5484054699358911
1995-08,1995,0.539512262194315
1995-08,1995,0.41355639275910894
1995-09,1995,0.5180912126860922
1995-10,1995,0.507000142038105
1995-11,1995,0.30739548711073506
1995-12,1996,0.30832149223110655
1996-02,1996,0.5832461548842699
1996-02,1996,0.4472094624788392
1996-03,1996,0.39187737913418197
1996-04,1996,0.2732109045188576
1996-05,1996,0.25366950187926285
1996-06,1996,0.3937658768007651
1996-08,1996,0.5305285367718331
1996-08,1996,0.29902634419403656
1996-09,1996,0.212853239000973
1996-10,1996,0.4464300931852874
1996-11,1996,0.4178557083885279
1996-12,1997,0.326203713354289
1997-02,1997,0.41655926323396375
1997-02,1997,0.5769885948865681
1997-03,1997,0.43187987330790495
1997-04,1997,0.37945754332917636
1997-05,1997,0.5638310425526096
1997-06,1997,0.413144550411152
1997-08,1997,0.4644091513560855
1997-08,1997,0.5653428222475753
1997-09,1997,0.6616054285223413
1997-10,1997,0.7260894927425423
1997-11,1997,0.615338548152206
1997-12,1998,0.6032814416737389
1998-02,1998,0.8727594906379649
1998-02,1998,0.6774823218021903
1998-03,1998,0.7392443026341042
1998-04,1998,0.7302296288817343
1998-05,1998,0.7473621006152757
1998-06,1998,0.7415241640234621
1998-08,1998,0.7647862262914982
1998-08,1998,0.48612343721572127
1998-09,1998,0.4471705958037262
1998-10,1998,0.47995462537386
1998-11,1998,0.5797016219951955
1998-12,1999,0.474660050559158
1999-02,1999,0.6957977616118018
1999-02,1999,0.38839767722446006
1999-03,1999,0.3648810344818995
1999-04,1999,0.2962172245682309
1999-05,1999,0.40379719825398114
1999-06,1999,0.40023920926657947
1999-08,1999,0.3888562256422694
1999-08,1999,0.46271367548384595
1999-09,1999,0.40114881256756196
1999-10,1999,0.40923577996078303
1999-11,1999,0.4316298514600094
1999-12,2000,0.29267900304831823
2000-02,2000,0.5780352484946627
2000-02,2000,0.5673039537075332
2000-03,2000,0.5885682592478936
2000-04,2000,0.3402551964061518
2000-05,2000,0.3797834604876852
2000-06,2000,0.38244825454541553
2000-08,2000,0.47756724443285015
2000-08,2000,0.47367030160064094
2000-09,2000,0.2862955262113268
2000-10,2000,0.365317297332289
2000-11,2000,0.2962717641639524
2000-12,2001,0.48369604629366636
2001-02,2001,0.4806559153330836
2001-02,2001,0.6195275910348443
2001-03,2001,0.5561404829084897
2001-04,2001,0.554794299803542
2001-05,2001,0.5223200505716601
2001-06,2001,0.6007508042009687
2001-08,2001,0.5472677625229199
2001-08,2001,0.5675330215841891
2001-09,2001,0.523627131248365
2001-10,2001,0.7509277898050181
2001-11,2001,0.6260440033439408
2001-12,2002,0.7340086436693304
2002-02,2002,0.7203056368973335
2002-02,2002,0.9220347455431583
2002-03,2002,0.6238163508680115
2002-04,2002,0.6487806323271245
2002-05,2002,0.5696324128055746
2002-06,2002,0.6304057594783337
2002-08,2002,0.570878340992259
2002-08,2002,0.664411622210811
2002-09,2002,0.6031311665984398
2002-10,2002,0.629784103012903
2002-11,2002,0.5471050352143659
2002-12,2003,0.7705054934626443
2003-02,2003,0.5954373995743267
2003-02,2003,0.5956710233854959
2003-03,2003,0.572994968046595
2003-04,2003,0.5975212392757093
2003-05,2003,0.46825979780219806
2003-06,2003,0.5593154778293381
2003-08,2003,0.6832139123728329
2003-08,2003,0.7217061688815624
2003-09,2003,0.7598213659209837
2003-10,2003,0.5927545552132342
2003-11,2003,0.7662873457922316
2003-12,2004,0.6292928669410004
2004-02,2004,0.7485018113967468
2004-02,2004,0.6531505069702674
2004-03,2004,0.660317764353505
2004-04,2004,0.3669740846306852
2004-05,2004,0.41146632604428296
2004-06,2004,0.2983829522482171
2004-08,2004,0.4808909429002556
2004-08,2004,0.6086696955164522
2004-09,2004,0.6207943386617376
2004-10,2004,0.7322432502636443
2004-11,2004,0.5065066559432648
2004-12,2005,0.7633695222631834
2005-02,2005,0.6893769644287487
2005-02,2005,0.8015469953214899
2005-03,2005,0.7160161842908074
2005-04,2005,0.6473679756830626
2005-05,2005,0.6679811749562257
2005-06,2005,0.639393652511865
2005-08,2005,0.6589580954614856
2005-08,2005,0.7338188641830404
2005-09,2005,0.8014628590779004
2005-10,2005,0.7809962624269882
2005-11,2005,0.73274929483813
2005-12,2006,0.6225554282372857
2006-02,2006,0.8180275793302306
2006-02,2006,0.7092059954954276
2006-03,2006,0.5560996678148044
2006-04,2006,0.501505420804018
2006-05,2006,0.6472551059088721
2006-06,2006,0.5357754037882638
2006-08,2006,0.7136038496987308
2006-08,2006,0.664250766072417
2006-09,2006,0.6921359085407588
2006-10,2006,0.7347950057718325
2006-11,2006,0.8080170273193458
2006-12,2007,0.9632095252002303
2007-02,2007,0.7688884315573902
2007-02,2007,0.7131122640121611
2007-03,2007,0.8195937805125265
2007-04,2007,0.6482247457417452
2007-05,2007,0.5800207846606497
2007-06,2007,0.6350052716747066
2007-08,2007,0.5780238792235781
2007-08,2007,0.5636678034395369
2007-09,2007,0.6084165686966584
2007-10,2007,0.5962716970099201
2007-11,2007,0.47970056333981637
2007-12,2008,0.2737377914607356
2008-02,2008,0.353179762068378
2008-02,2008,0.6884855353043803
2008-03,2008,0.537322719180981
2008-04,2008,0.5013559181610415
2008-05,2008,0.4374363293119072
2008-06,2008,0.5819677068821633
2008-08,2008,0.5373784547027528
2008-08,2008,0.6322769896834756
2008-09,2008,0.6647871272319515
2008-10,2008,0.6939258881207429
2008-11,2008,0.5579844266810168
2008-12,2009,0.6862277530799368
2009-02,2009,0.5891999461126848
2009-02,2009,0.5389523631973328
2009-03,2009,0.5969567284021344
2009-04,2009,0.6050453229202456
2009-05,2009,0.6630698209409138
2009-06,2009,0.770853290732987
2009-08,2009,0.71104560855714
2009-08,2009,0.7328662376422251
2009-09,2009,0.7055552878106125
2009-10,2009,0.7958673738824994
2009-11,2009,0.7304911808281466
2009-12,2010,0.8136010613914956
2010-02,2010,0.8960844647786685
2010-02,2010,0.9240934784714149
2010-03,2010,0.9161551927691943
2010-04,2010,0.7648171099054898
2010-05,2010,0.6660333288499131
2010-06,2010,0.6557237363947525
2010-08,2010,0.7033885359557254
2010-08,2010,0.6793210806701895
2010-09,2010,0.7279636228722944
2010-10,2010,0.7883503287215161
2010-11,2010,0.5247321435188635
2010-12,2011,0.58475658607469
2011-02,2011,0.5673293927151594
2011-02,2011,0.6930075289197047
2011-03,2011,0.673756517825732
2011-04,2011,0.5226788847586752
2011-05,2011,0.6366623709533268
2011-06,2011,0.7440580047804908
2011-08,2011,0.7502465373025221
2011-08,2011,0.6117538076611413
2011-09,2011,0.6417181245264796
2011-10,2011,0.58485784878852
2011-11,2011,0.5846459415574519
2011-12,2012,0.465419831462351
2012-02,2012,0.5273468492674238
2012-02,2012,0.5278582070156416
2012-03,2012,0.720841276004379
2012-04,2012,0.7440973344615041
2012-05,2012,0.691704097995751
2012-06,2012,0.5983363634089084
2012-08,2012,0.7036118209294403
2012-08,2012,0.7503735891210166
2012-09,2012,0.8271208770311552
2012-10,2012,0.8164820709340801
2012-11,2012,0.5592106637946489
2012-12,2013,0.711038187145474
2013-02,2013,0.6191369672499832
2013-02,2013,0.6705022196868042
2013-03,2013,0.6046183027462099
2013-04,2013,0.618443937176203
2013-05,2013,0.6681415225953582
2013-06,2013,0.6091568529132437
2013-08,2013,0.7319160898472233
2013-08,2013,0.795774570936826
2013-09,2013,0.6516913985212144
2013-10,2013,0.8374900615728915
2013-11,2013,0.698664812373422
2013-12,2014,0.7707088500482864
2014-02,2014,0.5875763463961062
2014-02,2014,0.7861673412253279
2014-03,2014,0.800658023482909
2014-04,2014,0.800962007197058
2014-05,2014,0.6484218540157425
2014-06,2014,0.6254095904693261
2014-08,2014,0.8408022603100489
2014-08,2014,0.8678450514493778
2014-09,2014,0.8034180671752195
2014-10,2014,0.6710331299351097
2014-11,2014,0.7728036080879728
2014-12,2015,0.8381584355220764
2015-02,2015,0.8841442189539864
2015-02,2015,0.9093828362159859
2015-03,2015,0.8052195800106711
2015-04,2015,0.7984234063534194
2015-05,2015,0.7937566027770967
2015-06,2015,0.7887126784134367
2015-08,2015,0.8946961088998941
2015-08,2015,0.9183690723924566
2015-09,2015,1.0519340069635335
2015-10,2015,1.0260735428374788
2015-11,2015,1.134925498088367
2015-12,2016,1.1994242830879998
2016-02,2016,1.3213124056397005
2016-02,2016,1.3181151064188754
2016-03,2016,1.131428240355666
2016-04,2016,0.9735973370540787
2016-05,2016,0.825434659492109
2016-06,2016,0.8866322258962893
2016-08,2016,1.023555104585102
2016-08,2016,0.9411779685285503
2016-09,2016,0.9313882708032448
2016-10,2016,0.9626097273564733
2016-11,2016,0.9022866735002751
2016-12,2017,1.0497792685189997
2017-02,2017,1.174585695958784
2017-02,2017,1.2106993619873063
2017-03,2017,0.9598107081508346
2017-04,2017,0.9255348273746902
2017-05,2017,0.7263106972364436
2017-06,2017,0.8327093814416182
2017-08,2017,0.8966474282025085
2017-08,2017,0.8296460188043568
2017-09,2017,0.9152508574282453
2017-10,2017,0.8670547127969669
2017-11,2017,0.9169205378278852
2017-12,2018,0.8536831900159108
2018-02,2018,0.9035467357594271
2018-02,2018,0.9166630754214612
2018-03,2018,0.9210898262909338
2018-04,2018,0.8156806788140322
2018-05,2018,0.7868232261568886
2018-06,2018,0.8401728350136883
2018-08,2018,0.8494670646466977
2018-08,2018,0.8071262777422327
2018-09,2018,0.9758988743862659
2018-10,2018,0.857633033013948
2018-11,2018,0.9239770493239382
2018-12,2019,0.9178714021344596
2019-02,2019,0.9564558112399685
2019-02,2019,1.186704909692503
2019-03,2019,1.0448846252259982
2019-04,2019,0.8743597169468569
2019-05,2019,0.8503850606770095
2019-06,2019,0.9541616111657256
2019-08,2019,0.9741216681466113
2019-08,2019,0.9263945473228933
2019-09,2019,1.0761759553294699
2019-10,2019,1.0276337753885318
2019-11,2019,1.1019120058053005
2019-12,2020,1.1797033112908177
2020-02,2020,1.2201059717186757
2020-02,2020,1.1701778988991913
2020-03,2020,1.1613704721126297
2020-04,2020,0.9705526786268938
2020-05,2020,0.9135291783079766
2020-06,2020,0.9543184289905314
2020-08,2020,0.9147241467561669
2020-08,2020,0.9873182571529137
2020-09,2020,0.9049922392792102
2020-10,2020,1.1283620168705055
2020-11,2020,0.8227452759783637
2020-12,2021,0.8712656835893855
2021-02,2021,0.6909490400425838
2021-02,2021,0.8521221406433903
2021-03,2021,0.8208799539037808
2021-04,2021,0.8096236883284551
2021-05,2021,0.8172805606969173
2021-06,2021,0.8972536753536028
2021-08,2021,0.9226836482806033
2021-08,2021,0.9713418029834426
2021-09,2021,1.0254222889290083
2021-10,2021,0.9536508293410845
2021-11,2021,0.8444448625216915
2021-12,2022,0.9131626320373297
2022-02,2022,0.8745757594821901
2022-02,2022,1.0585582921031635
2022-03,2022,0.8435218465349821
2022-04,2022,0.81578820202763
2022-05,2022,0.9594910755612877
2022-06,2022,0.9324041860018312
2022-08,2022,0.9479331677639928
2022-08,2022,0.9056834751060077
2022-09,2022,1.0130930258147235
2022-10,2022,0.7572844758896011
2022-11,2022,0.8887632990929017
2022-12,2023,0.895689393464334
2023-02,2023,0.9588974821382714
2023-02,2023,1.2427772948642046
2023-03,2023,1.0311203391492307
2023-04,2023,0.958688702118987
2023-05,2023,1.1226823901002712
2023-06,2023,1.2508268618442797
2023-08,2023,1.3340209277338286
2023-08,2023,1.4896598783072803
2023-09,2023,1.37178812807945
2023-10,2023,1.4240376819357652
2023-11,2023,1.3656616850397707
2023-12,2024,1.2690593142820221
2024-02,2024,1.397331721533354
2024-02,2024,1.3205226599773363
2024-03,2024,1.2783879436432213
2024-04,2024,1.1591241544167088
2024-05,2024,1.1809677663095686
2024-06,2024,1.226947414027998
2024-08,2024,1.3327264058363018
2024-08,2024,1.2812136371415024
2024-09,2024,1.3281524264083047
2024-10,2024,1.3390416522251747
2024-11,2024,1.2575292760310928
2024-12,2025,1.3641572631137975
