lat,lon,trend_1901_2023_C_decade,trend_1994_2023_C_decade
-87.5000,-177.5000,0.2263,0.4571
-82.5000,-177.5000,0.2886,0.4352
-77.5000,-177.5000,0.0281,0.5507
-72.5000,-177.5000,0.1087,0.3612
-67.5000,-177.5000,0.0724,0.2991
-62.5000,-177.5000,0.1133,0.1370
-57.5000,-177.5000,0.0805,0.1079
-52.5000,-177.5000,0.0921,0.1547
-47.5000,-177.5000,0.0962,0.2278
-42.5000,-177.5000,0.0902,0.2338
-37.5000,-177.5000,0.0879,0.2267
-32.5000,-177.5000,0.0939,0.2375
-27.5000,-177.5000,0.0958,0.2020
-22.5000,-177.5000,0.0915,0.1995
-17.5000,-177.5000,0.0842,0.1955
-12.5000,-177.5000,0.0793,0.1541
-7.5000,-177.5000,0.0801,0.0875
-2.5000,-177.5000,0.0758,0.0352
2.5000,-177.5000,0.0703,0.0480
7.5000,-177.5000,0.0832,0.0974
12.5000,-177.5000,0.0760,0.1207
17.5000,-177.5000,0.0806,0.1305
22.5000,-177.5000,0.0868,0.1563
27.5000,-177.5000,0.0891,0.2455
32.5000,-177.5000,0.0963,0.2933
37.5000,-177.5000,0.0979,0.4576
42.5000,-177.5000,0.0780,0.3544
47.5000,-177.5000,0.0903,0.2433
52.5000,-177.5000,0.1082,0.2756
57.5000,-177.5000,0.1209,0.4365
62.5000,-177.5000,0.1671,1.0816
67.5000,-177.5000,0.1845,1.0074
72.5000,-177.5000,0.1984,1.0915
77.5000,-177.5000,0.1644,0.8727
82.5000,-177.5000,0.1841,0.5634
87.5000,-177.5000,0.2919,0.5206
-87.5000,-172.5000,0.2271,0.4509
-82.5000,-172.5000,0.2903,0.4083
-77.5000,-172.5000,0.0194,0.5852
-72.5000,-172.5000,0.1336,0.4360
-67.5000,-172.5000,0.0504,0.3082
-62.5000,-172.5000,0.0938,0.1112
-57.5000,-172.5000,0.0744,0.0423
-52.5000,-172.5000,0.0882,0.0979
-47.5000,-172.5000,0.0937,0.2226
-42.5000,-172.5000,0.0890,0.2570
-37.5000,-172.5000,0.0967,0.2958
-32.5000,-172.5000,0.0967,0.2858
-27.5000,-172.5000,0.0896,0.2096
-22.5000,-172.5000,0.0840,0.2097
-17.5000,-172.5000,0.0729,0.1782
-12.5000,-172.5000,0.0735,0.1318
-7.5000,-172.5000,0.0698,0.0647
-2.5000,-172.5000,0.0651,0.0113
2.5000,-172.5000,0.0696,0.0320
7.5000,-172.5000,0.0773,0.0898
12.5000,-172.5000,0.0729,0.1354
17.5000,-172.5000,0.0773,0.1495
22.5000,-172.5000,0.0898,0.1932
27.5000,-172.5000,0.0937,0.2372
32.5000,-172.5000,0.0994,0.3005
37.5000,-172.5000,0.0976,0.4468
42.5000,-172.5000,0.0785,0.3464
47.5000,-172.5000,0.0894,0.2401
52.5000,-172.5000,0.1132,0.2614
57.5000,-172.5000,0.1251,0.4431
62.5000,-172.5000,0.1571,0.8985
67.5000,-172.5000,0.1944,1.0587
72.5000,-172.5000,0.2315,1.1670
77.5000,-172.5000,0.1687,0.9020
82.5000,-172.5000,0.3254,0.5819
87.5000,-172.5000,0.2913,0.5118
-87.5000,-167.5000,0.2304,0.4523
-82.5000,-167.5000,0.2978,0.3826
-77.5000,-167.5000,0.0291,0.5942
-72.5000,-167.5000,0.2255,0.4751
-67.5000,-167.5000,0.0670,0.3188
-62.5000,-167.5000,0.0608,0.1086
-57.5000,-167.5000,0.0670,0.0491
-52.5000,-167.5000,0.0693,0.0414
-47.5000,-167.5000,0.0801,0.1860
-42.5000,-167.5000,0.0906,0.2786
-37.5000,-167.5000,0.1015,0.3425
-32.5000,-167.5000,0.1026,0.3391
-27.5000,-167.5000,0.0880,0.2694
-22.5000,-167.5000,0.0762,0.2061
-17.5000,-167.5000,0.0678,0.1586
-12.5000,-167.5000,0.0663,0.1013
-7.5000,-167.5000,0.0676,0.0332
-2.5000,-167.5000,0.0662,-0.0397
2.5000,-167.5000,0.0703,-0.0144
7.5000,-167.5000,0.0776,0.0711
12.5000,-167.5000,0.0747,0.1364
17.5000,-167.5000,0.0785,0.1775
22.5000,-167.5000,0.0898,0.2121
27.5000,-167.5000,0.0978,0.2362
32.5000,-167.5000,0.1015,0.2990
37.5000,-167.5000,0.0933,0.4360
42.5000,-167.5000,0.0806,0.4171
47.5000,-167.5000,0.0917,0.2640
52.5000,-167.5000,0.1171,0.2739
57.5000,-167.5000,0.1141,0.5442
62.5000,-167.5000,0.1357,0.8241
67.5000,-167.5000,0.1901,0.9920
72.5000,-167.5000,0.2393,1.2036
77.5000,-167.5000,0.1755,0.9389
82.5000,-167.5000,0.3386,0.5421
87.5000,-167.5000,0.2912,0.5035
-87.5000,-162.5000,0.2382,0.4586
-82.5000,-162.5000,0.3090,0.3630
-77.5000,-162.5000,0.1018,0.5723
-72.5000,-162.5000,0.2383,0.5160
-67.5000,-162.5000,0.0768,0.2687
-62.5000,-162.5000,0.0571,0.1112
-57.5000,-162.5000,0.0481,-0.0277
-52.5000,-162.5000,0.0553,-0.0042
-47.5000,-162.5000,0.0750,0.1925
-42.5000,-162.5000,0.0896,0.2983
-37.5000,-162.5000,0.1063,0.3812
-32.5000,-162.5000,0.1073,0.3657
-27.5000,-162.5000,0.0870,0.2729
-22.5000,-162.5000,0.0681,0.2044
-17.5000,-162.5000,0.0656,0.1395
-12.5000,-162.5000,0.0636,0.0687
-7.5000,-162.5000,0.0604,-0.0034
-2.5000,-162.5000,0.0632,-0.0471
2.5000,-162.5000,0.0687,-0.0228
7.5000,-162.5000,0.0770,0.0758
12.5000,-162.5000,0.0747,0.1384
17.5000,-162.5000,0.0783,0.1733
22.5000,-162.5000,0.0880,0.2328
27.5000,-162.5000,0.0946,0.2408
32.5000,-162.5000,0.0958,0.3083
37.5000,-162.5000,0.0862,0.4352
42.5000,-162.5000,0.0821,0.4616
47.5000,-162.5000,0.0969,0.3124
52.5000,-162.5000,0.1226,0.2915
57.5000,-162.5000,0.1046,0.5911
62.5000,-162.5000,0.1164,0.6571
67.5000,-162.5000,0.1324,0.7500
72.5000,-162.5000,0.2121,1.1218
77.5000,-162.5000,0.1721,0.9072
82.5000,-162.5000,0.3100,0.5136
87.5000,-162.5000,0.2908,0.4961
-87.5000,-157.5000,0.2483,0.4695
-82.5000,-157.5000,0.3209,0.3404
-77.5000,-157.5000,0.3461,0.5765
-72.5000,-157.5000,0.2497,0.5918
-67.5000,-157.5000,0.0960,0.2347
-62.5000,-157.5000,0.0724,0.0955
-57.5000,-157.5000,0.0440,-0.0723
-52.5000,-157.5000,0.0524,-0.0256
-47.5000,-157.5000,0.0791,0.2245
-42.5000,-157.5000,0.0899,0.2861
-37.5000,-157.5000,0.1071,0.3883
-32.5000,-157.5000,0.1062,0.3589
-27.5000,-157.5000,0.0847,0.2512
-22.5000,-157.5000,0.0667,0.1904
-17.5000,-157.5000,0.0601,0.1434
-12.5000,-157.5000,0.0608,0.0428
-7.5000,-157.5000,0.0601,-0.0277
-2.5000,-157.5000,0.0582,-0.0339
2.5000,-157.5000,0.0611,0.0101
7.5000,-157.5000,0.0711,0.0941
12.5000,-157.5000,0.0732,0.1487
17.5000,-157.5000,0.0751,0.1716
22.5000,-157.5000,0.0809,0.2462
27.5000,-157.5000,0.0908,0.2712
32.5000,-157.5000,0.0872,0.3648
37.5000,-157.5000,0.0814,0.4884
42.5000,-157.5000,0.0830,0.5323
47.5000,-157.5000,0.0975,0.3859
52.5000,-157.5000,0.1184,0.3014
57.5000,-157.5000,0.1009,0.4251
62.5000,-157.5000,0.1152,0.4929
67.5000,-157.5000,0.1134,0.5801
72.5000,-157.5000,0.1777,0.9562
77.5000,-157.5000,0.1634,0.8438
82.5000,-157.5000,0.3061,0.5124
87.5000,-157.5000,0.2905,0.4913
-87.5000,-152.5000,0.2571,0.4901
-82.5000,-152.5000,0.3267,0.3083
-77.5000,-152.5000,0.3423,0.4956
-72.5000,-152.5000,0.2607,0.6291
-67.5000,-152.5000,0.1545,0.3433
-62.5000,-152.5000,0.0796,0.1293
-57.5000,-152.5000,0.0357,-0.0657
-52.5000,-152.5000,0.0574,0.0015
-47.5000,-152.5000,0.0751,0.1873
-42.5000,-152.5000,0.0890,0.2619
-37.5000,-152.5000,0.1073,0.3840
-32.5000,-152.5000,0.1016,0.3140
-27.5000,-152.5000,0.0798,0.2212
-22.5000,-152.5000,0.0630,0.1611
-17.5000,-152.5000,0.0586,0.1564
-12.5000,-152.5000,0.0557,0.0449
-7.5000,-152.5000,0.0523,-0.0144
-2.5000,-152.5000,0.0547,-0.0337
2.5000,-152.5000,0.0549,0.0391
7.5000,-152.5000,0.0660,0.1109
12.5000,-152.5000,0.0677,0.1606
17.5000,-152.5000,0.0682,0.1684
22.5000,-152.5000,0.0721,0.2539
27.5000,-152.5000,0.0845,0.2862
32.5000,-152.5000,0.0894,0.4114
37.5000,-152.5000,0.0824,0.5522
42.5000,-152.5000,0.0822,0.5870
47.5000,-152.5000,0.1050,0.4489
52.5000,-152.5000,0.1140,0.3189
57.5000,-152.5000,0.1080,0.2473
62.5000,-152.5000,0.1196,0.3167
67.5000,-152.5000,0.1193,0.4457
72.5000,-152.5000,0.1629,0.8568
77.5000,-152.5000,0.1533,0.7753
82.5000,-152.5000,0.2980,0.5063
87.5000,-152.5000,0.2891,0.4903
-87.5000,-147.5000,0.2616,0.5083
-82.5000,-147.5000,0.3265,0.2829
-77.5000,-147.5000,0.3269,0.3778
-72.5000,-147.5000,0.2894,0.6208
-67.5000,-147.5000,0.1962,0.2816
-62.5000,-147.5000,0.0780,0.0605
-57.5000,-147.5000,0.0293,-0.0778
-52.5000,-147.5000,0.0560,0.0029
-47.5000,-147.5000,0.0677,0.1478
-42.5000,-147.5000,0.0878,0.2653
-37.5000,-147.5000,0.1060,0.3810
-32.5000,-147.5000,0.0939,0.2976
-27.5000,-147.5000,0.0764,0.2497
-22.5000,-147.5000,0.0590,0.1240
-17.5000,-147.5000,0.0605,0.1181
-12.5000,-147.5000,0.0526,0.0289
-7.5000,-147.5000,0.0471,-0.0404
-2.5000,-147.5000,0.0470,-0.0545
2.5000,-147.5000,0.0498,0.0009
7.5000,-147.5000,0.0578,0.0867
12.5000,-147.5000,0.0606,0.1493
17.5000,-147.5000,0.0638,0.1636
22.5000,-147.5000,0.0706,0.2265
27.5000,-147.5000,0.0770,0.2704
32.5000,-147.5000,0.0925,0.4026
37.5000,-147.5000,0.0878,0.5660
42.5000,-147.5000,0.0840,0.5791
47.5000,-147.5000,0.1100,0.4787
52.5000,-147.5000,0.1156,0.3487
57.5000,-147.5000,0.1057,0.2828
62.5000,-147.5000,0.1223,0.2479
67.5000,-147.5000,0.1253,0.3626
72.5000,-147.5000,0.1552,0.7941
77.5000,-147.5000,0.1438,0.6984
82.5000,-147.5000,0.2948,0.5010
87.5000,-147.5000,0.2867,0.4924
-87.5000,-142.5000,0.2561,0.4888
-82.5000,-142.5000,0.3261,0.2869
-77.5000,-142.5000,0.2884,0.2702
-72.5000,-142.5000,0.2952,0.5560
-67.5000,-142.5000,0.2027,0.1434
-62.5000,-142.5000,0.0615,0.0226
-57.5000,-142.5000,0.0329,-0.0752
-52.5000,-142.5000,0.0572,0.0212
-47.5000,-142.5000,0.0649,0.1348
-42.5000,-142.5000,0.0851,0.2637
-37.5000,-142.5000,0.1007,0.3660
-32.5000,-142.5000,0.0941,0.3091
-27.5000,-142.5000,0.0770,0.2298
-22.5000,-142.5000,0.0588,0.0944
-17.5000,-142.5000,0.0604,0.0231
-12.5000,-142.5000,0.0541,-0.0354
-7.5000,-142.5000,0.0446,-0.0770
-2.5000,-142.5000,0.0449,-0.0605
2.5000,-142.5000,0.0435,0.0030
7.5000,-142.5000,0.0539,0.0880
12.5000,-142.5000,0.0587,0.1583
17.5000,-142.5000,0.0619,0.1722
22.5000,-142.5000,0.0678,0.1835
27.5000,-142.5000,0.0762,0.2222
32.5000,-142.5000,0.0908,0.3486
37.5000,-142.5000,0.0912,0.4980
42.5000,-142.5000,0.0878,0.5408
47.5000,-142.5000,0.1073,0.4388
52.5000,-142.5000,0.1137,0.3172
57.5000,-142.5000,0.1066,0.3009
62.5000,-142.5000,0.1292,0.2188
67.5000,-142.5000,0.1314,0.3205
72.5000,-142.5000,0.1362,0.6977
77.5000,-142.5000,0.1360,0.6223
82.5000,-142.5000,0.2944,0.4995
87.5000,-142.5000,0.2856,0.4960
-87.5000,-137.5000,0.2546,0.4766
-82.5000,-137.5000,0.3205,0.2927
-77.5000,-137.5000,0.2778,0.2802
-72.5000,-137.5000,0.2981,0.5120
-67.5000,-137.5000,0.1769,0.1262
-62.5000,-137.5000,0.0559,-0.0062
-57.5000,-137.5000,0.0414,-0.0809
-52.5000,-137.5000,0.0506,-0.0499
-47.5000,-137.5000,0.0638,0.0957
-42.5000,-137.5000,0.0846,0.2318
-37.5000,-137.5000,0.0997,0.3306
-32.5000,-137.5000,0.0955,0.2656
-27.5000,-137.5000,0.0704,0.1685
-22.5000,-137.5000,0.0534,0.0598
-17.5000,-137.5000,0.0526,-0.0328
-12.5000,-137.5000,0.0521,-0.0727
-7.5000,-137.5000,0.0509,-0.1013
-2.5000,-137.5000,0.0554,-0.0536
2.5000,-137.5000,0.0485,0.0014
7.5000,-137.5000,0.0540,0.1138
12.5000,-137.5000,0.0598,0.1581
17.5000,-137.5000,0.0657,0.1851
22.5000,-137.5000,0.0674,0.1597
27.5000,-137.5000,0.0775,0.1519
32.5000,-137.5000,0.0867,0.2446
37.5000,-137.5000,0.0881,0.3743
42.5000,-137.5000,0.0850,0.4583
47.5000,-137.5000,0.1015,0.3610
52.5000,-137.5000,0.1079,0.2427
57.5000,-137.5000,0.1107,0.2104
62.5000,-137.5000,0.1354,0.1249
67.5000,-137.5000,0.1310,0.4000
72.5000,-137.5000,0.1200,0.5846
77.5000,-137.5000,0.1312,0.5631
82.5000,-137.5000,0.2940,0.4927
87.5000,-137.5000,0.2840,0.4985
-87.5000,-132.5000,0.2514,0.4732
-82.5000,-132.5000,0.3178,0.3015
-77.5000,-132.5000,0.2624,0.2514
-72.5000,-132.5000,0.2848,0.4624
-67.5000,-132.5000,0.1116,0.0704
-62.5000,-132.5000,0.0512,-0.0004
-57.5000,-132.5000,0.0388,-0.1266
-52.5000,-132.5000,0.0569,-0.0306
-47.5000,-132.5000,0.0585,0.0462
-42.5000,-132.5000,0.0764,0.1692
-37.5000,-132.5000,0.0938,0.2751
-32.5000,-132.5000,0.0922,0.2311
-27.5000,-132.5000,0.0669,0.1272
-22.5000,-132.5000,0.0472,0.0365
-17.5000,-132.5000,0.0446,-0.0704
-12.5000,-132.5000,0.0469,-0.1023
-7.5000,-132.5000,0.0573,-0.1142
-2.5000,-132.5000,0.0651,-0.0926
2.5000,-132.5000,0.0685,-0.0011
7.5000,-132.5000,0.0653,0.0876
12.5000,-132.5000,0.0648,0.1533
17.5000,-132.5000,0.0685,0.1682
22.5000,-132.5000,0.0646,0.1269
27.5000,-132.5000,0.0774,0.0988
32.5000,-132.5000,0.0854,0.1265
37.5000,-132.5000,0.0841,0.1888
42.5000,-132.5000,0.0815,0.2661
47.5000,-132.5000,0.0949,0.2334
52.5000,-132.5000,0.1070,0.1449
57.5000,-132.5000,0.1286,0.2283
62.5000,-132.5000,0.1441,0.1148
67.5000,-132.5000,0.1301,0.3905
72.5000,-132.5000,0.1282,0.4916
77.5000,-132.5000,0.1285,0.5003
82.5000,-132.5000,0.2939,0.4825
87.5000,-132.5000,0.2823,0.4985
-87.5000,-127.5000,0.2477,0.4673
-82.5000,-127.5000,0.3094,0.3204
-77.5000,-127.5000,0.2568,0.2703
-72.5000,-127.5000,0.3048,0.4759
-67.5000,-127.5000,0.0797,0.2001
-62.5000,-127.5000,0.0547,-0.0018
-57.5000,-127.5000,0.0500,-0.1357
-52.5000,-127.5000,0.0601,-0.0275
-47.5000,-127.5000,0.0546,0.0117
-42.5000,-127.5000,0.0688,0.0991
-37.5000,-127.5000,0.0895,0.2397
-32.5000,-127.5000,0.0932,0.2404
-27.5000,-127.5000,0.0691,0.1138
-22.5000,-127.5000,0.0445,0.0068
-17.5000,-127.5000,0.0367,-0.1101
-12.5000,-127.5000,0.0384,-0.1341
-7.5000,-127.5000,0.0580,-0.1008
-2.5000,-127.5000,0.0686,-0.0810
2.5000,-127.5000,0.0734,-0.0156
7.5000,-127.5000,0.0713,0.0818
12.5000,-127.5000,0.0676,0.1577
17.5000,-127.5000,0.0661,0.1394
22.5000,-127.5000,0.0709,0.1127
27.5000,-127.5000,0.0809,0.0738
32.5000,-127.5000,0.0857,0.0614
37.5000,-127.5000,0.0738,0.0624
42.5000,-127.5000,0.0711,0.1197
47.5000,-127.5000,0.0922,0.0656
52.5000,-127.5000,0.1142,0.1428
57.5000,-127.5000,0.1318,0.2221
62.5000,-127.5000,0.1404,0.1263
67.5000,-127.5000,0.1242,0.3229
72.5000,-127.5000,0.1520,0.4400
77.5000,-127.5000,0.1289,0.4587
82.5000,-127.5000,0.2935,0.4686
87.5000,-127.5000,0.2804,0.4954
-87.5000,-122.5000,0.2413,0.4569
-82.5000,-122.5000,0.2996,0.3472
-77.5000,-122.5000,0.2633,0.2908
-72.5000,-122.5000,0.2855,0.4381
-67.5000,-122.5000,0.0278,0.2013
-62.5000,-122.5000,0.0619,-0.0154
-57.5000,-122.5000,0.0541,-0.0810
-52.5000,-122.5000,0.0555,-0.0634
-47.5000,-122.5000,0.0525,-0.0564
-42.5000,-122.5000,0.0649,0.0374
-37.5000,-122.5000,0.0856,0.2131
-32.5000,-122.5000,0.0946,0.2282
-27.5000,-122.5000,0.0787,0.1058
-22.5000,-122.5000,0.0472,-0.0242
-17.5000,-122.5000,0.0318,-0.1276
-12.5000,-122.5000,0.0334,-0.1411
-7.5000,-122.5000,0.0553,-0.0929
-2.5000,-122.5000,0.0612,-0.0467
2.5000,-122.5000,0.0669,0.0655
7.5000,-122.5000,0.0672,0.1043
12.5000,-122.5000,0.0725,0.1781
17.5000,-122.5000,0.0697,0.1539
22.5000,-122.5000,0.0758,0.1752
27.5000,-122.5000,0.0913,0.1103
32.5000,-122.5000,0.0965,0.1278
37.5000,-122.5000,0.0918,0.2467
42.5000,-122.5000,0.1034,0.2257
47.5000,-122.5000,0.1037,0.1335
52.5000,-122.5000,0.1144,0.1256
57.5000,-122.5000,0.1254,0.2717
62.5000,-122.5000,0.1310,0.1645
67.5000,-122.5000,0.1277,0.2334
72.5000,-122.5000,0.1462,0.4052
77.5000,-122.5000,0.1576,0.4425
82.5000,-122.5000,0.2945,0.4539
87.5000,-122.5000,0.2793,0.4903
-87.5000,-117.5000,0.2378,0.4545
-82.5000,-117.5000,0.2900,0.3765
-77.5000,-117.5000,0.2703,0.3331
-72.5000,-117.5000,0.3202,0.4953
-67.5000,-117.5000,-0.0180,0.1408
-62.5000,-117.5000,0.0654,-0.0164
-57.5000,-117.5000,0.0529,-0.0501
-52.5000,-117.5000,0.0501,-0.0932
-47.5000,-117.5000,0.0531,-0.0879
-42.5000,-117.5000,0.0677,0.0228
-37.5000,-117.5000,0.0887,0.1968
-32.5000,-117.5000,0.0969,0.1792
-27.5000,-117.5000,0.0804,0.0952
-22.5000,-117.5000,0.0527,-0.0027
-17.5000,-117.5000,0.0326,-0.1397
-12.5000,-117.5000,0.0341,-0.1648
-7.5000,-117.5000,0.0522,-0.1117
-2.5000,-117.5000,0.0604,-0.0514
2.5000,-117.5000,0.0710,0.0691
7.5000,-117.5000,0.0689,0.1107
12.5000,-117.5000,0.0735,0.1887
17.5000,-117.5000,0.0747,0.1954
22.5000,-117.5000,0.0874,0.2222
27.5000,-117.5000,0.1094,0.2628
32.5000,-117.5000,0.1198,0.3086
37.5000,-117.5000,0.1252,0.2955
42.5000,-117.5000,0.1061,0.1592
47.5000,-117.5000,0.0993,0.1326
52.5000,-117.5000,0.1101,0.2350
57.5000,-117.5000,0.1247,0.2811
62.5000,-117.5000,0.1297,0.1386
67.5000,-117.5000,0.1328,0.2161
72.5000,-117.5000,0.1287,0.3664
77.5000,-117.5000,0.2108,0.4371
82.5000,-117.5000,0.2958,0.4478
87.5000,-117.5000,0.2791,0.4843
-87.5000,-112.5000,0.2323,0.4420
-82.5000,-112.5000,0.2878,0.3938
-77.5000,-112.5000,0.2755,0.3646
-72.5000,-112.5000,0.3478,0.4783
-67.5000,-112.5000,-0.0085,0.1426
-62.5000,-112.5000,0.0742,-0.0067
-57.5000,-112.5000,0.0600,-0.0178
-52.5000,-112.5000,0.0593,-0.0459
-47.5000,-112.5000,0.0600,-0.0747
-42.5000,-112.5000,0.0757,0.0151
-37.5000,-112.5000,0.0916,0.1588
-32.5000,-112.5000,0.0942,0.1635
-27.5000,-112.5000,0.0736,0.0832
-22.5000,-112.5000,0.0469,-0.0208
-17.5000,-112.5000,0.0293,-0.1554
-12.5000,-112.5000,0.0357,-0.1637
-7.5000,-112.5000,0.0516,-0.0927
-2.5000,-112.5000,0.0608,-0.0450
2.5000,-112.5000,0.0692,0.0649
7.5000,-112.5000,0.0725,0.1052
12.5000,-112.5000,0.0724,0.1750
17.5000,-112.5000,0.0763,0.1767
22.5000,-112.5000,0.0915,0.1796
27.5000,-112.5000,0.0921,0.2071
32.5000,-112.5000,0.1107,0.2028
37.5000,-112.5000,0.1191,0.1385
42.5000,-112.5000,0.1018,0.0987
47.5000,-112.5000,0.1072,0.1260
52.5000,-112.5000,0.1369,0.2413
57.5000,-112.5000,0.1317,0.1893
62.5000,-112.5000,0.1316,0.0174
67.5000,-112.5000,0.1371,0.1501
72.5000,-112.5000,0.1337,0.3307
77.5000,-112.5000,0.2095,0.4111
82.5000,-112.5000,0.2955,0.4518
87.5000,-112.5000,0.2784,0.4766
-87.5000,-107.5000,0.2250,0.4264
-82.5000,-107.5000,0.2802,0.3966
-77.5000,-107.5000,0.2809,0.4002
-72.5000,-107.5000,0.2921,0.4416
-67.5000,-107.5000,-0.0059,0.1520
-62.5000,-107.5000,0.0729,-0.0158
-57.5000,-107.5000,0.0631,0.0071
-52.5000,-107.5000,0.0617,-0.0441
-47.5000,-107.5000,0.0671,-0.0218
-42.5000,-107.5000,0.0817,0.0635
-37.5000,-107.5000,0.0987,0.1781
-32.5000,-107.5000,0.0937,0.1630
-27.5000,-107.5000,0.0715,0.0486
-22.5000,-107.5000,0.0397,-0.0535
-17.5000,-107.5000,0.0302,-0.1545
-12.5000,-107.5000,0.0405,-0.1532
-7.5000,-107.5000,0.0536,-0.0659
-2.5000,-107.5000,0.0572,-0.0186
2.5000,-107.5000,0.0675,0.0716
7.5000,-107.5000,0.0716,0.1100
12.5000,-107.5000,0.0714,0.1636
17.5000,-107.5000,0.0658,0.1636
22.5000,-107.5000,0.0745,0.1705
27.5000,-107.5000,0.0783,0.1920
32.5000,-107.5000,0.0901,0.1466
37.5000,-107.5000,0.1039,0.1352
42.5000,-107.5000,0.0993,0.1005
47.5000,-107.5000,0.1240,0.0485
52.5000,-107.5000,0.1552,0.1386
57.5000,-107.5000,0.1400,0.0493
62.5000,-107.5000,0.1337,-0.0392
67.5000,-107.5000,0.1351,0.1366
72.5000,-107.5000,0.1563,0.2927
77.5000,-107.5000,0.1988,0.3689
82.5000,-107.5000,0.2741,0.4449
87.5000,-107.5000,0.2761,0.4680
-87.5000,-102.5000,0.2185,0.4131
-82.5000,-102.5000,0.2690,0.3901
-77.5000,-102.5000,0.2873,0.4186
-72.5000,-102.5000,0.3576,0.5548
-67.5000,-102.5000,0.0654,0.1705
-62.5000,-102.5000,0.0745,0.0257
-57.5000,-102.5000,0.0702,0.0345
-52.5000,-102.5000,0.0631,-0.0298
-47.5000,-102.5000,0.0688,-0.0210
-42.5000,-102.5000,0.0821,0.0943
-37.5000,-102.5000,0.0974,0.1728
-32.5000,-102.5000,0.0903,0.0994
-27.5000,-102.5000,0.0693,0.0195
-22.5000,-102.5000,0.0417,-0.0880
-17.5000,-102.5000,0.0370,-0.1740
-12.5000,-102.5000,0.0477,-0.1644
-7.5000,-102.5000,0.0584,-0.0835
-2.5000,-102.5000,0.0616,-0.0154
2.5000,-102.5000,0.0777,0.0891
7.5000,-102.5000,0.0794,0.1175
12.5000,-102.5000,0.0790,0.1810
17.5000,-102.5000,0.0744,0.1802
22.5000,-102.5000,0.0732,0.1106
27.5000,-102.5000,0.0759,0.1246
32.5000,-102.5000,0.0814,0.1164
37.5000,-102.5000,0.0933,0.1239
42.5000,-102.5000,0.1075,0.0544
47.5000,-102.5000,0.1330,0.1519
52.5000,-102.5000,0.1543,0.1031
57.5000,-102.5000,0.1430,-0.0360
62.5000,-102.5000,0.1355,-0.0191
67.5000,-102.5000,0.1466,0.1580
72.5000,-102.5000,0.2071,0.2893
77.5000,-102.5000,0.1951,0.3515
82.5000,-102.5000,0.2455,0.4375
87.5000,-102.5000,0.2731,0.4592
-87.5000,-97.5000,0.2165,0.4115
-82.5000,-97.5000,0.2484,0.3745
-77.5000,-97.5000,0.2598,0.4109
-72.5000,-97.5000,0.3121,0.5690
-67.5000,-97.5000,0.0945,0.1748
-62.5000,-97.5000,0.0798,0.0421
-57.5000,-97.5000,0.0725,0.0284
-52.5000,-97.5000,0.0634,-0.0429
-47.5000,-97.5000,0.0710,-0.0243
-42.5000,-97.5000,0.0810,0.0840
-37.5000,-97.5000,0.0919,0.1533
-32.5000,-97.5000,0.0830,0.0606
-27.5000,-97.5000,0.0672,-0.0097
-22.5000,-97.5000,0.0468,-0.1247
-17.5000,-97.5000,0.0429,-0.2061
-12.5000,-97.5000,0.0527,-0.1879
-7.5000,-97.5000,0.0639,-0.0921
-2.5000,-97.5000,0.0654,-0.0389
2.5000,-97.5000,0.0786,0.0569
7.5000,-97.5000,0.0861,0.1280
12.5000,-97.5000,0.0772,0.1495
17.5000,-97.5000,0.0866,0.2254
22.5000,-97.5000,0.0807,0.1825
27.5000,-97.5000,0.0812,0.1523
32.5000,-97.5000,0.0824,0.1717
37.5000,-97.5000,0.0928,0.1630
42.5000,-97.5000,0.1107,0.1390
47.5000,-97.5000,0.1260,0.1565
52.5000,-97.5000,0.1415,0.0741
57.5000,-97.5000,0.1377,0.0088
62.5000,-97.5000,0.1381,0.0445
67.5000,-97.5000,0.1604,0.1905
72.5000,-97.5000,0.2183,0.3389
77.5000,-97.5000,0.1968,0.3742
82.5000,-97.5000,0.2346,0.4401
87.5000,-97.5000,0.2698,0.4545
-87.5000,-92.5000,0.2128,0.4070
-82.5000,-92.5000,0.2332,0.3426
-77.5000,-92.5000,0.2454,0.4084
-72.5000,-92.5000,0.2707,0.5595
-67.5000,-92.5000,0.0932,0.2891
-62.5000,-92.5000,0.0854,0.0646
-57.5000,-92.5000,0.0751,0.0063
-52.5000,-92.5000,0.0722,-0.0400
-47.5000,-92.5000,0.0776,-0.0009
-42.5000,-92.5000,0.0839,0.0823
-37.5000,-92.5000,0.0859,0.1334
-32.5000,-92.5000,0.0738,0.0336
-27.5000,-92.5000,0.0576,-0.0234
-22.5000,-92.5000,0.0443,-0.1106
-17.5000,-92.5000,0.0454,-0.1700
-12.5000,-92.5000,0.0579,-0.1740
-7.5000,-92.5000,0.0691,-0.0647
-2.5000,-92.5000,0.0689,-0.0041
2.5000,-92.5000,0.0822,0.1157
7.5000,-92.5000,0.0850,0.1211
12.5000,-92.5000,0.0860,0.1714
17.5000,-92.5000,0.0978,0.2436
22.5000,-92.5000,0.0839,0.2150
27.5000,-92.5000,0.0736,0.2679
32.5000,-92.5000,0.0886,0.2266
37.5000,-92.5000,0.0942,0.1895
42.5000,-92.5000,0.1069,0.1441
47.5000,-92.5000,0.1197,0.1027
52.5000,-92.5000,0.1326,0.0584
57.5000,-92.5000,0.1296,0.1251
62.5000,-92.5000,0.1303,0.2116
67.5000,-92.5000,0.1743,0.2361
72.5000,-92.5000,0.2266,0.4153
77.5000,-92.5000,0.1876,0.3729
82.5000,-92.5000,0.2017,0.4494
87.5000,-92.5000,0.2655,0.4540
-87.5000,-87.5000,0.2080,0.3837
-82.5000,-87.5000,0.2191,0.2932
-77.5000,-87.5000,0.2457,0.3892
-72.5000,-87.5000,0.2790,0.5718
-67.5000,-87.5000,0.1204,0.3552
-62.5000,-87.5000,0.0936,0.0662
-57.5000,-87.5000,0.0859,-0.0122
-52.5000,-87.5000,0.0860,-0.0432
-47.5000,-87.5000,0.0910,0.0390
-42.5000,-87.5000,0.0932,0.1164
-37.5000,-87.5000,0.0857,0.0953
-32.5000,-87.5000,0.0678,0.0080
-27.5000,-87.5000,0.0485,-0.0110
-22.5000,-87.5000,0.0437,-0.0710
-17.5000,-87.5000,0.0487,-0.1388
-12.5000,-87.5000,0.0670,-0.1213
-7.5000,-87.5000,0.0751,-0.0411
-2.5000,-87.5000,0.0666,0.0400
2.5000,-87.5000,0.0764,0.1244
7.5000,-87.5000,0.0774,0.1144
12.5000,-87.5000,0.0962,0.1727
17.5000,-87.5000,0.0963,0.2334
22.5000,-87.5000,0.0871,0.2264
27.5000,-87.5000,0.0641,0.2718
32.5000,-87.5000,0.0826,0.2922
37.5000,-87.5000,0.0975,0.2672
42.5000,-87.5000,0.1074,0.2432
47.5000,-87.5000,0.1083,0.2299
52.5000,-87.5000,0.1303,0.0917
57.5000,-87.5000,0.1246,0.1526
62.5000,-87.5000,0.1567,0.3339
67.5000,-87.5000,0.1800,0.4487
72.5000,-87.5000,0.2031,0.4591
77.5000,-87.5000,0.1811,0.4231
82.5000,-87.5000,0.1879,0.4585
87.5000,-87.5000,0.2612,0.4553
-87.5000,-82.5000,0.2031,0.3657
-82.5000,-82.5000,0.2022,0.2480
-77.5000,-82.5000,0.2163,0.3086
-72.5000,-82.5000,0.2729,0.5646
-67.5000,-82.5000,0.1283,0.3800
-62.5000,-82.5000,0.0925,0.0383
-57.5000,-82.5000,0.0974,-0.0289
-52.5000,-82.5000,0.1007,-0.0607
-47.5000,-82.5000,0.1105,0.0657
-42.5000,-82.5000,0.1070,0.1155
-37.5000,-82.5000,0.0892,0.0333
-32.5000,-82.5000,0.0687,-0.0297
-27.5000,-82.5000,0.0528,-0.0376
-22.5000,-82.5000,0.0536,-0.0493
-17.5000,-82.5000,0.0635,-0.0991
-12.5000,-82.5000,0.0846,-0.0986
-7.5000,-82.5000,0.0815,-0.0754
-2.5000,-82.5000,0.0780,0.1050
2.5000,-82.5000,0.0839,0.1330
7.5000,-82.5000,0.0873,0.1453
12.5000,-82.5000,0.0852,0.1598
17.5000,-82.5000,0.0789,0.1788
22.5000,-82.5000,0.0834,0.2153
27.5000,-82.5000,0.0635,0.2775
32.5000,-82.5000,0.0833,0.3363
37.5000,-82.5000,0.0979,0.3303
42.5000,-82.5000,0.1103,0.2972
47.5000,-82.5000,0.1194,0.2345
52.5000,-82.5000,0.1309,0.1431
57.5000,-82.5000,0.1404,0.1619
62.5000,-82.5000,0.1606,0.3159
67.5000,-82.5000,0.1649,0.3599
72.5000,-82.5000,0.1466,0.4674
77.5000,-82.5000,0.1351,0.5076
82.5000,-82.5000,0.1785,0.4812
87.5000,-82.5000,0.2597,0.4564
-87.5000,-77.5000,0.1941,0.3585
-82.5000,-77.5000,0.1987,0.2067
-77.5000,-77.5000,0.2077,0.2392
-72.5000,-77.5000,0.2827,0.6087
-67.5000,-77.5000,0.1367,0.3916
-62.5000,-77.5000,0.0946,0.0360
-57.5000,-77.5000,0.1058,-0.0580
-52.5000,-77.5000,0.1085,-0.0601
-47.5000,-77.5000,0.1184,0.0649
-42.5000,-77.5000,0.1112,0.0762
-37.5000,-77.5000,0.0935,-0.0193
-32.5000,-77.5000,0.0726,-0.0813
-27.5000,-77.5000,0.0641,-0.0710
-22.5000,-77.5000,0.0672,-0.0593
-17.5000,-77.5000,0.0890,-0.0715
-12.5000,-77.5000,0.1005,-0.0236
-7.5000,-77.5000,0.1081,0.1504
-2.5000,-77.5000,0.1120,0.2499
2.5000,-77.5000,0.1044,0.2297
7.5000,-77.5000,0.1005,0.1873
12.5000,-77.5000,0.0817,0.1228
17.5000,-77.5000,0.0856,0.1458
22.5000,-77.5000,0.0924,0.1772
27.5000,-77.5000,0.0627,0.2095
32.5000,-77.5000,0.0502,0.2079
37.5000,-77.5000,0.1108,0.3903
42.5000,-77.5000,0.1126,0.3277
47.5000,-77.5000,0.1236,0.2194
52.5000,-77.5000,0.1357,0.1365
57.5000,-77.5000,0.1684,0.1590
62.5000,-77.5000,0.1604,0.2875
67.5000,-77.5000,0.1374,0.4385
72.5000,-77.5000,0.1401,0.4834
77.5000,-77.5000,0.1450,0.5827
82.5000,-77.5000,0.1893,0.5582
87.5000,-77.5000,0.2602,0.4563
-87.5000,-72.5000,0.1929,0.3520
-82.5000,-72.5000,0.1930,0.1651
-77.5000,-72.5000,0.2069,0.2364
-72.5000,-72.5000,0.2798,0.6245
-67.5000,-72.5000,0.1500,0.4041
-62.5000,-72.5000,0.0907,-0.0154
-57.5000,-72.5000,0.1073,-0.1104
-52.5000,-72.5000,0.1038,0.1655
-47.5000,-72.5000,0.0954,0.2938
-42.5000,-72.5000,0.0948,0.2357
-37.5000,-72.5000,0.0900,0.1622
-32.5000,-72.5000,0.0831,0.0299
-27.5000,-72.5000,0.0795,-0.0376
-22.5000,-72.5000,0.0857,-0.0366
-17.5000,-72.5000,0.1039,0.0742
-12.5000,-72.5000,0.1195,0.1987
-7.5000,-72.5000,0.1245,0.2171
-2.5000,-72.5000,0.1169,0.2337
2.5000,-72.5000,0.1148,0.2675
7.5000,-72.5000,0.1159,0.2603
12.5000,-72.5000,0.0975,0.1422
17.5000,-72.5000,0.0924,0.1222
22.5000,-72.5000,0.0933,0.1746
27.5000,-72.5000,0.0826,0.2924
32.5000,-72.5000,0.0723,0.3198
37.5000,-72.5000,0.1347,0.4747
42.5000,-72.5000,0.1276,0.4057
47.5000,-72.5000,0.1149,0.2405
52.5000,-72.5000,0.1265,0.1237
57.5000,-72.5000,0.1430,0.1018
62.5000,-72.5000,0.1587,0.3072
67.5000,-72.5000,0.1530,0.4765
72.5000,-72.5000,0.1397,0.5132
77.5000,-72.5000,0.1650,0.6147
82.5000,-72.5000,0.1911,0.5527
87.5000,-72.5000,0.2616,0.4541
-87.5000,-67.5000,0.1886,0.3492
-82.5000,-67.5000,0.1848,0.1334
-77.5000,-67.5000,0.2009,0.2051
-72.5000,-67.5000,0.2294,0.4690
-67.5000,-67.5000,0.2075,0.4340
-62.5000,-67.5000,0.0847,-0.0162
-57.5000,-67.5000,0.0979,-0.1558
-52.5000,-67.5000,0.1056,0.0489
-47.5000,-67.5000,0.1021,0.2080
-42.5000,-67.5000,0.0942,0.2952
-37.5000,-67.5000,0.0890,0.2366
-32.5000,-67.5000,0.0966,0.2061
-27.5000,-67.5000,0.1079,0.1557
-22.5000,-67.5000,0.1176,0.1586
-17.5000,-67.5000,0.1197,0.1423
-12.5000,-67.5000,0.1251,0.1624
-7.5000,-67.5000,0.1331,0.2222
-2.5000,-67.5000,0.1285,0.2307
2.5000,-67.5000,0.1189,0.2377
7.5000,-67.5000,0.1231,0.2483
12.5000,-67.5000,0.0945,0.1323
17.5000,-67.5000,0.0878,0.1384
22.5000,-67.5000,0.0916,0.2023
27.5000,-67.5000,0.0896,0.2841
32.5000,-67.5000,0.0820,0.3508
37.5000,-67.5000,0.0925,0.4138
42.5000,-67.5000,0.1525,0.6811
47.5000,-67.5000,0.1344,0.3213
52.5000,-67.5000,0.1279,0.1407
57.5000,-67.5000,0.1286,0.1443
62.5000,-67.5000,0.1370,0.3277
67.5000,-67.5000,0.1446,0.4547
72.5000,-67.5000,0.1431,0.5320
77.5000,-67.5000,0.1406,0.6224
82.5000,-67.5000,0.1934,0.5405
87.5000,-67.5000,0.2632,0.4498
-87.5000,-62.5000,0.1851,0.3444
-82.5000,-62.5000,0.1763,0.0956
-77.5000,-62.5000,0.1876,0.1248
-72.5000,-62.5000,0.2199,0.3166
-67.5000,-62.5000,0.2054,0.2986
-62.5000,-62.5000,0.1138,0.0876
-57.5000,-62.5000,0.0661,-0.1949
-52.5000,-62.5000,0.0935,-0.1085
-47.5000,-62.5000,0.1151,0.0069
-42.5000,-62.5000,0.1211,0.1669
-37.5000,-62.5000,0.1028,0.1916
-32.5000,-62.5000,0.1059,0.1538
-27.5000,-62.5000,0.1112,0.1603
-22.5000,-62.5000,0.1208,0.1440
-17.5000,-62.5000,0.1220,0.0942
-12.5000,-62.5000,0.1193,0.1418
-7.5000,-62.5000,0.1332,0.2463
-2.5000,-62.5000,0.1321,0.2610
2.5000,-62.5000,0.1192,0.2023
7.5000,-62.5000,0.1121,0.1590
12.5000,-62.5000,0.0893,0.1180
17.5000,-62.5000,0.0794,0.1179
22.5000,-62.5000,0.0831,0.1746
27.5000,-62.5000,0.0844,0.2458
32.5000,-62.5000,0.0758,0.3106
37.5000,-62.5000,0.0625,0.3357
42.5000,-62.5000,0.1399,0.6445
47.5000,-62.5000,0.1902,0.4361
52.5000,-62.5000,0.1255,0.1824
57.5000,-62.5000,0.1270,0.1806
62.5000,-62.5000,0.1605,0.2953
67.5000,-62.5000,0.1240,0.4365
72.5000,-62.5000,0.1460,0.5130
77.5000,-62.5000,0.1507,0.6044
82.5000,-62.5000,0.1929,0.4864
87.5000,-62.5000,0.2654,0.4443
-87.5000,-57.5000,0.1827,0.3372
-82.5000,-57.5000,0.1706,0.0905
-77.5000,-57.5000,0.2135,0.1479
-72.5000,-57.5000,0.1511,0.0885
-67.5000,-57.5000,0.1168,0.1594
-62.5000,-57.5000,0.1340,0.1303
-57.5000,-57.5000,0.0504,-0.2001
-52.5000,-57.5000,0.0824,-0.1187
-47.5000,-57.5000,0.1127,-0.0194
-42.5000,-57.5000,0.1342,0.0871
-37.5000,-57.5000,0.1372,0.1851
-32.5000,-57.5000,0.1174,0.1391
-27.5000,-57.5000,0.1175,0.1702
-22.5000,-57.5000,0.1296,0.1636
-17.5000,-57.5000,0.1241,0.1690
-12.5000,-57.5000,0.1216,0.1982
-7.5000,-57.5000,0.1250,0.2845
-2.5000,-57.5000,0.1214,0.2728
2.5000,-57.5000,0.1088,0.1791
7.5000,-57.5000,0.0923,0.0971
12.5000,-57.5000,0.0796,0.0709
17.5000,-57.5000,0.0750,0.0932
22.5000,-57.5000,0.0816,0.1621
27.5000,-57.5000,0.0846,0.2348
32.5000,-57.5000,0.0752,0.2675
37.5000,-57.5000,0.0585,0.3098
42.5000,-57.5000,0.1206,0.4437
47.5000,-57.5000,0.1400,0.3425
52.5000,-57.5000,0.1263,0.3162
57.5000,-57.5000,0.0883,0.1730
62.5000,-57.5000,0.1436,0.1489
67.5000,-57.5000,0.1531,0.2753
72.5000,-57.5000,0.1776,0.5198
77.5000,-57.5000,0.1373,0.4976
82.5000,-57.5000,0.1583,0.4576
87.5000,-57.5000,0.2491,0.4368
-87.5000,-52.5000,0.1806,0.3300
-82.5000,-52.5000,0.1748,0.1095
-77.5000,-52.5000,0.1988,0.0809
-72.5000,-52.5000,0.1430,0.0787
-67.5000,-52.5000,0.1162,0.1928
-62.5000,-52.5000,0.1237,0.1793
-57.5000,-52.5000,0.0661,-0.0684
-52.5000,-52.5000,0.0697,-0.1703
-47.5000,-52.5000,0.1474,0.0384
-42.5000,-52.5000,0.1827,0.2791
-37.5000,-52.5000,0.1725,0.2940
-32.5000,-52.5000,0.1298,0.2235
-27.5000,-52.5000,0.1259,0.2116
-22.5000,-52.5000,0.1381,0.2173
-17.5000,-52.5000,0.1255,0.2336
-12.5000,-52.5000,0.1199,0.2218
-7.5000,-52.5000,0.1270,0.2453
-2.5000,-52.5000,0.1146,0.2696
2.5000,-52.5000,0.1076,0.2129
7.5000,-52.5000,0.0831,0.0908
12.5000,-52.5000,0.0792,0.0554
17.5000,-52.5000,0.0771,0.0689
22.5000,-52.5000,0.0835,0.1458
27.5000,-52.5000,0.0859,0.2363
32.5000,-52.5000,0.0783,0.2537
37.5000,-52.5000,0.0675,0.2922
42.5000,-52.5000,0.1076,0.2833
47.5000,-52.5000,0.1121,0.2910
52.5000,-52.5000,0.1074,0.2178
57.5000,-52.5000,0.0708,0.2237
62.5000,-52.5000,0.0558,0.3426
67.5000,-52.5000,0.1513,0.4083
72.5000,-52.5000,0.1098,0.5025
77.5000,-52.5000,0.1226,0.3938
82.5000,-52.5000,0.1509,0.4259
87.5000,-52.5000,0.2224,0.4289
-87.5000,-47.5000,0.1778,0.3241
-82.5000,-47.5000,0.1824,0.1179
-77.5000,-47.5000,0.1918,0.0283
-72.5000,-47.5000,0.1581,0.0751
-67.5000,-47.5000,0.1597,0.2035
-62.5000,-47.5000,0.1339,0.1974
-57.5000,-47.5000,0.0865,-0.0065
-52.5000,-47.5000,0.0598,-0.1315
-47.5000,-47.5000,0.1362,0.0237
-42.5000,-47.5000,0.1610,0.2869
-37.5000,-47.5000,0.1396,0.2816
-32.5000,-47.5000,0.1142,0.2150
-27.5000,-47.5000,0.1103,0.1481
-22.5000,-47.5000,0.1344,0.2301
-17.5000,-47.5000,0.1288,0.2125
-12.5000,-47.5000,0.1171,0.1763
-7.5000,-47.5000,0.1163,0.2167
-2.5000,-47.5000,0.1112,0.2381
2.5000,-47.5000,0.0706,0.0848
7.5000,-47.5000,0.0758,0.0896
12.5000,-47.5000,0.0779,0.0469
17.5000,-47.5000,0.0800,0.0359
22.5000,-47.5000,0.0843,0.1024
27.5000,-47.5000,0.0838,0.2047
32.5000,-47.5000,0.0776,0.2259
37.5000,-47.5000,0.0650,0.2320
42.5000,-47.5000,0.0776,0.1597
47.5000,-47.5000,0.0694,0.1160
52.5000,-47.5000,0.0510,0.0753
57.5000,-47.5000,0.0435,0.1200
62.5000,-47.5000,0.0755,0.3137
67.5000,-47.5000,0.0871,0.2961
72.5000,-47.5000,0.0947,0.3398
77.5000,-47.5000,0.1168,0.3554
82.5000,-47.5000,0.1516,0.4181
87.5000,-47.5000,0.1934,0.4230
-87.5000,-42.5000,0.1752,0.3194
-82.5000,-42.5000,0.1855,0.1062
-77.5000,-42.5000,0.2031,0.1218
-72.5000,-42.5000,0.1765,0.0968
-67.5000,-42.5000,0.2109,0.2987
-62.5000,-42.5000,0.1843,0.2640
-57.5000,-42.5000,0.1107,0.0320
-52.5000,-42.5000,0.0616,-0.0570
-47.5000,-42.5000,0.1193,-0.0309
-42.5000,-42.5000,0.1440,0.2165
-37.5000,-42.5000,0.1401,0.2633
-32.5000,-42.5000,0.1117,0.1857
-27.5000,-42.5000,0.1028,0.0803
-22.5000,-42.5000,0.1150,0.1555
-17.5000,-42.5000,0.1253,0.2030
-12.5000,-42.5000,0.1204,0.1522
-7.5000,-42.5000,0.1166,0.2101
-2.5000,-42.5000,0.0924,0.1545
2.5000,-42.5000,0.0727,0.0745
7.5000,-42.5000,0.0737,0.0929
12.5000,-42.5000,0.0725,0.0396
17.5000,-42.5000,0.0817,0.0429
22.5000,-42.5000,0.0850,0.0791
27.5000,-42.5000,0.0786,0.1534
32.5000,-42.5000,0.0739,0.2059
37.5000,-42.5000,0.0557,0.1751
42.5000,-42.5000,0.0357,0.0371
47.5000,-42.5000,0.0203,-0.0897
52.5000,-42.5000,0.0067,-0.1121
57.5000,-42.5000,0.0247,-0.0045
62.5000,-42.5000,0.0864,0.3566
67.5000,-42.5000,0.0872,0.3278
72.5000,-42.5000,0.0911,0.2689
77.5000,-42.5000,0.1144,0.3261
82.5000,-42.5000,0.1535,0.4368
87.5000,-42.5000,0.1926,0.4196
-87.5000,-37.5000,0.1739,0.3157
-82.5000,-37.5000,0.1878,0.1251
-77.5000,-37.5000,0.1992,0.2470
-72.5000,-37.5000,0.1742,0.1290
-67.5000,-37.5000,0.2420,0.3461
-62.5000,-37.5000,0.1867,0.2939
-57.5000,-37.5000,0.1258,0.0954
-52.5000,-37.5000,0.0750,0.0580
-47.5000,-37.5000,0.1078,0.0321
-42.5000,-37.5000,0.1383,0.2363
-37.5000,-37.5000,0.1342,0.2426
-32.5000,-37.5000,0.1160,0.1883
-27.5000,-37.5000,0.1066,0.0624
-22.5000,-37.5000,0.1111,0.0369
-17.5000,-37.5000,0.1083,0.0548
-12.5000,-37.5000,0.1081,0.0776
-7.5000,-37.5000,0.1116,0.1375
-2.5000,-37.5000,0.0876,0.0961
2.5000,-37.5000,0.0823,0.0915
7.5000,-37.5000,0.0768,0.1011
12.5000,-37.5000,0.0722,0.0531
17.5000,-37.5000,0.0831,0.0483
22.5000,-37.5000,0.0878,0.0706
27.5000,-37.5000,0.0816,0.1326
32.5000,-37.5000,0.0717,0.1925
37.5000,-37.5000,0.0509,0.1599
42.5000,-37.5000,0.0247,0.0380
47.5000,-37.5000,0.0127,-0.0872
52.5000,-37.5000,-0.0123,-0.1963
57.5000,-37.5000,0.0044,-0.0945
62.5000,-37.5000,0.0720,0.1453
67.5000,-37.5000,0.1008,0.4309
72.5000,-37.5000,0.0966,0.2419
77.5000,-37.5000,0.1163,0.3092
82.5000,-37.5000,0.1486,0.4200
87.5000,-37.5000,0.1864,0.4175
-87.5000,-32.5000,0.1730,0.3125
-82.5000,-32.5000,0.1878,0.1323
-77.5000,-32.5000,0.2172,0.2345
-72.5000,-32.5000,0.1961,0.1208
-67.5000,-32.5000,0.2424,0.3032
-62.5000,-32.5000,0.1772,0.2749
-57.5000,-32.5000,0.1429,0.1436
-52.5000,-32.5000,0.0662,0.0993
-47.5000,-32.5000,0.0943,0.1213
-42.5000,-32.5000,0.1193,0.2575
-37.5000,-32.5000,0.1229,0.2089
-32.5000,-32.5000,0.1169,0.1771
-27.5000,-32.5000,0.1105,0.0868
-22.5000,-32.5000,0.1054,0.0411
-17.5000,-32.5000,0.0993,0.0176
-12.5000,-32.5000,0.0984,0.0288
-7.5000,-32.5000,0.0998,0.0776
-2.5000,-32.5000,0.1027,0.1083
2.5000,-32.5000,0.0983,0.1122
7.5000,-32.5000,0.0860,0.1094
12.5000,-32.5000,0.0861,0.0645
17.5000,-32.5000,0.0914,0.0396
22.5000,-32.5000,0.0965,0.0597
27.5000,-32.5000,0.0913,0.0994
32.5000,-32.5000,0.0741,0.1640
37.5000,-32.5000,0.0527,0.1418
42.5000,-32.5000,0.0284,0.0432
47.5000,-32.5000,0.0065,-0.1458
52.5000,-32.5000,-0.0184,-0.2374
57.5000,-32.5000,-0.0027,-0.1337
62.5000,-32.5000,0.0439,0.0873
67.5000,-32.5000,0.0796,0.4303
72.5000,-32.5000,0.1039,0.2672
77.5000,-32.5000,0.1198,0.3103
82.5000,-32.5000,0.1449,0.4639
87.5000,-32.5000,0.1827,0.4170
-87.5000,-27.5000,0.1734,0.3111
-82.5000,-27.5000,0.1844,0.1329
-77.5000,-27.5000,0.2386,0.1716
-72.5000,-27.5000,0.2359,0.1028
-67.5000,-27.5000,0.2365,0.2498
-62.5000,-27.5000,0.1682,0.2495
-57.5000,-27.5000,0.1379,0.1646
-52.5000,-27.5000,0.0805,0.1797
-47.5000,-27.5000,0.0806,0.1629
-42.5000,-27.5000,0.1075,0.2323
-37.5000,-27.5000,0.1116,0.1924
-32.5000,-27.5000,0.1086,0.1764
-27.5000,-27.5000,0.1057,0.0871
-22.5000,-27.5000,0.0987,0.0273
-17.5000,-27.5000,0.0954,0.0134
-12.5000,-27.5000,0.0977,0.0506
-7.5000,-27.5000,0.0978,0.1307
-2.5000,-27.5000,0.1016,0.1441
2.5000,-27.5000,0.1039,0.1643
7.5000,-27.5000,0.1001,0.1115
12.5000,-27.5000,0.1028,0.0519
17.5000,-27.5000,0.1036,0.0197
22.5000,-27.5000,0.1051,0.0255
27.5000,-27.5000,0.1008,0.0655
32.5000,-27.5000,0.0807,0.1238
37.5000,-27.5000,0.0595,0.1140
42.5000,-27.5000,0.0383,0.0523
47.5000,-27.5000,0.0194,-0.1119
52.5000,-27.5000,-0.0013,-0.2219
57.5000,-27.5000,-0.0012,-0.1869
62.5000,-27.5000,0.0435,0.0290
67.5000,-27.5000,0.0757,0.3510
72.5000,-27.5000,0.1074,0.3024
77.5000,-27.5000,0.1257,0.3289
82.5000,-27.5000,0.1372,0.4558
87.5000,-27.5000,0.1621,0.4177
-87.5000,-22.5000,0.1727,0.3114
-82.5000,-22.5000,0.1837,0.1263
-77.5000,-22.5000,0.1910,0.0702
-72.5000,-22.5000,0.2384,0.0864
-67.5000,-22.5000,0.2140,0.1912
-62.5000,-22.5000,0.1823,0.2249
-57.5000,-22.5000,0.1613,0.1901
-52.5000,-22.5000,0.0860,0.2325
-47.5000,-22.5000,0.0770,0.1981
-42.5000,-22.5000,0.0975,0.2214
-37.5000,-22.5000,0.1023,0.1889
-32.5000,-22.5000,0.1056,0.1920
-27.5000,-22.5000,0.1002,0.1150
-22.5000,-22.5000,0.1016,0.0547
-17.5000,-22.5000,0.0944,0.0366
-12.5000,-22.5000,0.0918,0.0878
-7.5000,-22.5000,0.0923,0.1331
-2.5000,-22.5000,0.0932,0.1685
2.5000,-22.5000,0.0985,0.1929
7.5000,-22.5000,0.1027,0.1363
12.5000,-22.5000,0.1095,0.0878
17.5000,-22.5000,0.1091,0.0395
22.5000,-22.5000,0.1070,0.0241
27.5000,-22.5000,0.1053,0.0561
32.5000,-22.5000,0.0907,0.0906
37.5000,-22.5000,0.0738,0.1013
42.5000,-22.5000,0.0503,0.0446
47.5000,-22.5000,0.0350,-0.0572
52.5000,-22.5000,0.0167,-0.1619
57.5000,-22.5000,0.0172,-0.1335
62.5000,-22.5000,0.0529,0.0730
67.5000,-22.5000,0.1098,0.3321
72.5000,-22.5000,0.1175,0.3606
77.5000,-22.5000,0.1369,0.3802
82.5000,-22.5000,0.1373,0.4238
87.5000,-22.5000,0.1293,0.4205
-87.5000,-17.5000,0.1724,0.3105
-82.5000,-17.5000,0.1829,0.1181
-77.5000,-17.5000,0.1777,0.0373
-72.5000,-17.5000,0.2181,0.0278
-67.5000,-17.5000,0.1827,0.1253
-62.5000,-17.5000,0.1602,0.1945
-57.5000,-17.5000,0.1035,0.1798
-52.5000,-17.5000,0.0754,0.2132
-47.5000,-17.5000,0.0759,0.2484
-42.5000,-17.5000,0.0896,0.2542
-37.5000,-17.5000,0.1009,0.1936
-32.5000,-17.5000,0.1134,0.1965
-27.5000,-17.5000,0.1018,0.1078
-22.5000,-17.5000,0.0981,0.0970
-17.5000,-17.5000,0.0860,0.0620
-12.5000,-17.5000,0.0868,0.0830
-7.5000,-17.5000,0.0926,0.1380
-2.5000,-17.5000,0.0968,0.1825
2.5000,-17.5000,0.1057,0.1932
7.5000,-17.5000,0.1059,0.1289
12.5000,-17.5000,0.1098,0.0859
17.5000,-17.5000,0.1130,0.1160
22.5000,-17.5000,0.1043,0.0938
27.5000,-17.5000,0.1099,0.1102
32.5000,-17.5000,0.1043,0.0825
37.5000,-17.5000,0.0855,0.0568
42.5000,-17.5000,0.0669,0.0605
47.5000,-17.5000,0.0544,0.0104
52.5000,-17.5000,0.0411,-0.0401
57.5000,-17.5000,0.0364,-0.0363
62.5000,-17.5000,0.0634,0.1064
67.5000,-17.5000,0.1068,0.2989
72.5000,-17.5000,0.1511,0.3059
77.5000,-17.5000,0.1345,0.3050
82.5000,-17.5000,0.1421,0.3840
87.5000,-17.5000,0.1241,0.4266
-87.5000,-12.5000,0.1721,0.3093
-82.5000,-12.5000,0.1831,0.1052
-77.5000,-12.5000,0.1758,0.0024
-72.5000,-12.5000,0.2175,0.0066
-67.5000,-12.5000,0.1690,0.0774
-62.5000,-12.5000,0.1437,0.1699
-57.5000,-12.5000,0.0729,0.1506
-52.5000,-12.5000,0.0557,0.1713
-47.5000,-12.5000,0.0557,0.2144
-42.5000,-12.5000,0.0801,0.1532
-37.5000,-12.5000,0.1056,0.2001
-32.5000,-12.5000,0.1151,0.1706
-27.5000,-12.5000,0.1039,0.1287
-22.5000,-12.5000,0.0905,0.1246
-17.5000,-12.5000,0.0849,0.0881
-12.5000,-12.5000,0.0922,0.1055
-7.5000,-12.5000,0.1027,0.1515
-2.5000,-12.5000,0.1110,0.2050
2.5000,-12.5000,0.1168,0.2080
7.5000,-12.5000,0.1133,0.1537
12.5000,-12.5000,0.1202,0.1569
17.5000,-12.5000,0.1242,0.1757
22.5000,-12.5000,0.1448,0.2125
27.5000,-12.5000,0.1278,0.1621
32.5000,-12.5000,0.1097,0.1227
37.5000,-12.5000,0.1035,0.0628
42.5000,-12.5000,0.0874,0.0786
47.5000,-12.5000,0.0737,0.0557
52.5000,-12.5000,0.0568,0.0263
57.5000,-12.5000,0.0543,0.0412
62.5000,-12.5000,0.0753,0.0961
67.5000,-12.5000,0.1059,0.2595
72.5000,-12.5000,0.2440,0.3674
77.5000,-12.5000,0.1428,0.2428
82.5000,-12.5000,0.1455,0.3495
87.5000,-12.5000,0.1234,0.4354
-87.5000,-7.5000,0.1674,0.3080
-82.5000,-7.5000,0.1829,0.0944
-77.5000,-7.5000,0.1825,-0.0342
-72.5000,-7.5000,0.1909,-0.0038
-67.5000,-7.5000,0.1717,-0.0050
-62.5000,-7.5000,0.1199,0.1308
-57.5000,-7.5000,0.0542,0.1246
-52.5000,-7.5000,0.0420,0.1816
-47.5000,-7.5000,0.0356,0.1585
-42.5000,-7.5000,0.0820,0.2091
-37.5000,-7.5000,0.1135,0.1846
-32.5000,-7.5000,0.1192,0.1903
-27.5000,-7.5000,0.1072,0.1933
-22.5000,-7.5000,0.0915,0.1314
-17.5000,-7.5000,0.0924,0.0831
-12.5000,-7.5000,0.1015,0.1266
-7.5000,-7.5000,0.1133,0.1772
-2.5000,-7.5000,0.1264,0.2039
2.5000,-7.5000,0.1266,0.1763
7.5000,-7.5000,0.1189,0.1603
12.5000,-7.5000,0.1159,0.1715
17.5000,-7.5000,0.1242,0.2108
22.5000,-7.5000,0.1350,0.2570
27.5000,-7.5000,0.1437,0.2811
32.5000,-7.5000,0.1315,0.1978
37.5000,-7.5000,0.1248,0.1840
42.5000,-7.5000,0.1204,0.1755
47.5000,-7.5000,0.0925,0.1238
52.5000,-7.5000,0.0901,0.1055
57.5000,-7.5000,0.0745,0.1027
62.5000,-7.5000,0.0759,0.1312
67.5000,-7.5000,0.1016,0.2791
72.5000,-7.5000,0.2199,0.4735
77.5000,-7.5000,0.1965,0.1417
82.5000,-7.5000,0.1402,0.3561
87.5000,-7.5000,0.1248,0.4456
-87.5000,-2.5000,0.1656,0.3066
-82.5000,-2.5000,0.1814,0.0908
-77.5000,-2.5000,0.1857,-0.0536
-72.5000,-2.5000,0.2001,0.0045
-67.5000,-2.5000,0.1800,-0.0237
-62.5000,-2.5000,0.1065,0.0977
-57.5000,-2.5000,0.0513,0.1218
-52.5000,-2.5000,0.0432,0.1773
-47.5000,-2.5000,0.0500,0.1687
-42.5000,-2.5000,0.0979,0.2187
-37.5000,-2.5000,0.1222,0.1698
-32.5000,-2.5000,0.1213,0.1975
-27.5000,-2.5000,0.1038,0.1784
-22.5000,-2.5000,0.0975,0.1112
-17.5000,-2.5000,0.1032,0.0971
-12.5000,-2.5000,0.1134,0.1489
-7.5000,-2.5000,0.1219,0.1704
-2.5000,-2.5000,0.1345,0.1823
2.5000,-2.5000,0.1298,0.1601
7.5000,-2.5000,0.1180,0.1972
12.5000,-2.5000,0.1089,0.1794
17.5000,-2.5000,0.1212,0.1795
22.5000,-2.5000,0.1237,0.2463
27.5000,-2.5000,0.1264,0.2598
32.5000,-2.5000,0.1300,0.2447
37.5000,-2.5000,0.1280,0.2688
42.5000,-2.5000,0.1279,0.2784
47.5000,-2.5000,0.1135,0.1845
52.5000,-2.5000,0.1129,0.1949
57.5000,-2.5000,0.0940,0.1747
62.5000,-2.5000,0.0785,0.1373
67.5000,-2.5000,0.0963,0.2744
72.5000,-2.5000,0.1576,0.5782
77.5000,-2.5000,0.2170,0.0155
82.5000,-2.5000,0.1468,0.3608
87.5000,-2.5000,0.1276,0.4565
-87.5000,2.5000,0.1675,0.3051
-82.5000,2.5000,0.1807,0.0928
-77.5000,2.5000,0.1738,-0.0412
-72.5000,2.5000,0.1992,0.0375
-67.5000,2.5000,0.1723,-0.0262
-62.5000,2.5000,0.0966,0.0577
-57.5000,2.5000,0.0582,0.0759
-52.5000,2.5000,0.0596,0.1513
-47.5000,2.5000,0.0778,0.1586
-42.5000,2.5000,0.1195,0.1842
-37.5000,2.5000,0.1437,0.1573
-32.5000,2.5000,0.1259,0.1746
-27.5000,2.5000,0.1057,0.1392
-22.5000,2.5000,0.1068,0.1127
-17.5000,2.5000,0.1183,0.1131
-12.5000,2.5000,0.1252,0.1702
-7.5000,2.5000,0.1345,0.1837
-2.5000,2.5000,0.1389,0.1661
2.5000,2.5000,0.1244,0.1559
7.5000,2.5000,0.1142,0.1840
12.5000,2.5000,0.1075,0.1552
17.5000,2.5000,0.1160,0.1354
22.5000,2.5000,0.1173,0.2430
27.5000,2.5000,0.1234,0.2882
32.5000,2.5000,0.1268,0.2825
37.5000,2.5000,0.1212,0.2990
42.5000,2.5000,0.1262,0.3161
47.5000,2.5000,0.1367,0.2739
52.5000,2.5000,0.1309,0.2781
57.5000,2.5000,0.1060,0.2679
62.5000,2.5000,0.0845,0.2251
67.5000,2.5000,0.0896,0.2554
72.5000,2.5000,0.1345,0.6040
77.5000,2.5000,0.2063,0.0859
82.5000,2.5000,0.1868,0.3612
87.5000,2.5000,0.1295,0.4687
-87.5000,7.5000,0.1659,0.3044
-82.5000,7.5000,0.1821,0.0945
-77.5000,7.5000,0.1711,-0.0196
-72.5000,7.5000,0.1863,0.0623
-67.5000,7.5000,0.1539,-0.0435
-62.5000,7.5000,0.0934,0.0171
-57.5000,7.5000,0.0566,0.0148
-52.5000,7.5000,0.0726,0.0981
-47.5000,7.5000,0.0892,0.1421
-42.5000,7.5000,0.1322,0.1853
-37.5000,7.5000,0.1475,0.1970
-32.5000,7.5000,0.1279,0.1773
-27.5000,7.5000,0.1115,0.1227
-22.5000,7.5000,0.1184,0.1368
-17.5000,7.5000,0.1320,0.1949
-12.5000,7.5000,0.1419,0.2288
-7.5000,7.5000,0.1366,0.2071
-2.5000,7.5000,0.1293,0.1667
2.5000,7.5000,0.1176,0.1482
7.5000,7.5000,0.1114,0.2017
12.5000,7.5000,0.1052,0.1676
17.5000,7.5000,0.1131,0.1543
22.5000,7.5000,0.1110,0.2715
27.5000,7.5000,0.1166,0.3222
32.5000,7.5000,0.1195,0.2798
37.5000,7.5000,0.1166,0.3042
42.5000,7.5000,0.1211,0.3990
47.5000,7.5000,0.1430,0.3728
52.5000,7.5000,0.1332,0.3515
57.5000,7.5000,0.1145,0.3543
62.5000,7.5000,0.0982,0.3580
67.5000,7.5000,0.0874,0.3451
72.5000,7.5000,0.1224,0.4410
77.5000,7.5000,0.2050,0.4447
82.5000,7.5000,0.2187,0.4717
87.5000,7.5000,0.1314,0.4801
-87.5000,12.5000,0.1653,0.3040
-82.5000,12.5000,0.1756,0.1051
-77.5000,12.5000,0.1669,0.0077
-72.5000,12.5000,0.1703,0.0558
-67.5000,12.5000,0.1303,-0.0241
-62.5000,12.5000,0.0976,-0.0028
-57.5000,12.5000,0.0590,-0.0218
-52.5000,12.5000,0.0707,0.0254
-47.5000,12.5000,0.1066,0.1123
-42.5000,12.5000,0.1628,0.2322
-37.5000,12.5000,0.1538,0.2305
-32.5000,12.5000,0.1242,0.2052
-27.5000,12.5000,0.1070,0.2011
-22.5000,12.5000,0.1164,0.2015
-17.5000,12.5000,0.1235,0.3069
-12.5000,12.5000,0.1316,0.2814
-7.5000,12.5000,0.1269,0.2421
-2.5000,12.5000,0.1145,0.1923
2.5000,12.5000,0.1117,0.1940
7.5000,12.5000,0.1030,0.2117
12.5000,12.5000,0.0979,0.1952
17.5000,12.5000,0.1109,0.1838
22.5000,12.5000,0.1114,0.2519
27.5000,12.5000,0.1062,0.2599
32.5000,12.5000,0.1080,0.2891
37.5000,12.5000,0.1068,0.3469
42.5000,12.5000,0.1174,0.3569
47.5000,12.5000,0.1411,0.4088
52.5000,12.5000,0.1319,0.4361
57.5000,12.5000,0.1190,0.4526
62.5000,12.5000,0.1141,0.3904
67.5000,12.5000,0.0993,0.4022
72.5000,12.5000,0.1114,0.3917
77.5000,12.5000,0.1852,1.0500
82.5000,12.5000,0.2477,0.6628
87.5000,12.5000,0.1331,0.4897
-87.5000,17.5000,0.1647,0.3042
-82.5000,17.5000,0.1760,0.1222
-77.5000,17.5000,0.1607,0.0353
-72.5000,17.5000,0.1559,0.0865
-67.5000,17.5000,0.1360,0.0309
-62.5000,17.5000,0.1062,-0.0015
-57.5000,17.5000,0.0716,-0.0330
-52.5000,17.5000,0.0711,0.0364
-47.5000,17.5000,0.1137,0.1030
-42.5000,17.5000,0.1566,0.1986
-37.5000,17.5000,0.1344,0.2682
-32.5000,17.5000,0.1094,0.2417
-27.5000,17.5000,0.0998,0.2607
-22.5000,17.5000,0.1130,0.2031
-17.5000,17.5000,0.1323,0.2888
-12.5000,17.5000,0.1198,0.3391
-7.5000,17.5000,0.1168,0.3037
-2.5000,17.5000,0.1063,0.2179
2.5000,17.5000,0.1042,0.1810
7.5000,17.5000,0.0970,0.2018
12.5000,17.5000,0.0966,0.2268
17.5000,17.5000,0.1054,0.2239
22.5000,17.5000,0.1096,0.1954
27.5000,17.5000,0.0977,0.2339
32.5000,17.5000,0.0930,0.2729
37.5000,17.5000,0.0943,0.3584
42.5000,17.5000,0.1152,0.3926
47.5000,17.5000,0.1382,0.4586
52.5000,17.5000,0.1330,0.4573
57.5000,17.5000,0.1365,0.4785
62.5000,17.5000,0.1388,0.4190
67.5000,17.5000,0.1220,0.3749
72.5000,17.5000,0.1267,0.4734
77.5000,17.5000,0.1746,1.3165
82.5000,17.5000,0.2577,0.8934
87.5000,17.5000,0.1342,0.5007
-87.5000,22.5000,0.1641,0.3058
-82.5000,22.5000,0.1752,0.1395
-77.5000,22.5000,0.1596,0.0608
-72.5000,22.5000,0.1512,0.1146
-67.5000,22.5000,0.1410,0.0704
-62.5000,22.5000,0.1149,-0.0004
-57.5000,22.5000,0.0782,0.0063
-52.5000,22.5000,0.0710,0.0011
-47.5000,22.5000,0.1010,0.0011
-42.5000,22.5000,0.1328,0.1088
-37.5000,22.5000,0.0954,0.1849
-32.5000,22.5000,0.1110,0.2980
-27.5000,22.5000,0.1150,0.2376
-22.5000,22.5000,0.1130,0.1406
-17.5000,22.5000,0.1045,0.1733
-12.5000,22.5000,0.1141,0.2883
-7.5000,22.5000,0.1183,0.2881
-2.5000,22.5000,0.1041,0.2466
2.5000,22.5000,0.1035,0.2133
7.5000,22.5000,0.0972,0.2144
12.5000,22.5000,0.0971,0.2597
17.5000,22.5000,0.0935,0.2385
22.5000,22.5000,0.0940,0.2087
27.5000,22.5000,0.0983,0.2612
32.5000,22.5000,0.0910,0.3054
37.5000,22.5000,0.0908,0.3705
42.5000,22.5000,0.1141,0.3917
47.5000,22.5000,0.1279,0.4653
52.5000,22.5000,0.1364,0.4730
57.5000,22.5000,0.1206,0.4996
62.5000,22.5000,0.1360,0.5326
67.5000,22.5000,0.1263,0.4363
72.5000,22.5000,0.1288,0.4650
77.5000,22.5000,0.1998,1.1412
82.5000,22.5000,0.2403,1.0573
87.5000,22.5000,0.1351,0.5134
-87.5000,27.5000,0.1635,0.3100
-82.5000,27.5000,0.1750,0.1544
-77.5000,27.5000,0.1628,0.0811
-72.5000,27.5000,0.1493,0.1361
-67.5000,27.5000,0.1564,0.1128
-62.5000,27.5000,0.1199,0.0138
-57.5000,27.5000,0.0871,0.0015
-52.5000,27.5000,0.0838,-0.0186
-47.5000,27.5000,0.1089,-0.0083
-42.5000,27.5000,0.1201,0.0474
-37.5000,27.5000,0.0908,0.0434
-32.5000,27.5000,0.1135,0.2169
-27.5000,27.5000,0.1138,0.2145
-22.5000,27.5000,0.1029,0.1501
-17.5000,27.5000,0.0983,0.1645
-12.5000,27.5000,0.1033,0.2057
-7.5000,27.5000,0.1090,0.2350
-2.5000,27.5000,0.1014,0.2412
2.5000,27.5000,0.1046,0.2440
7.5000,27.5000,0.1012,0.2264
12.5000,27.5000,0.0940,0.2095
17.5000,27.5000,0.0803,0.2655
22.5000,27.5000,0.0904,0.3109
27.5000,27.5000,0.1020,0.3512
32.5000,27.5000,0.0844,0.3516
37.5000,27.5000,0.0922,0.3574
42.5000,27.5000,0.1115,0.4095
47.5000,27.5000,0.1338,0.4783
52.5000,27.5000,0.1488,0.5279
57.5000,27.5000,0.1479,0.5370
62.5000,27.5000,0.1411,0.6091
67.5000,27.5000,0.1303,0.5074
72.5000,27.5000,0.1230,0.4817
77.5000,27.5000,0.2238,1.0950
82.5000,27.5000,0.2269,1.1046
87.5000,27.5000,0.1364,0.5256
-87.5000,32.5000,0.1625,0.3148
-82.5000,32.5000,0.1740,0.1635
-77.5000,32.5000,0.1598,0.0965
-72.5000,32.5000,0.1369,0.1422
-67.5000,32.5000,0.1644,0.1373
-62.5000,32.5000,0.1246,0.0257
-57.5000,32.5000,0.0808,-0.0000
-52.5000,32.5000,0.0862,-0.0698
-47.5000,32.5000,0.1113,-0.0889
-42.5000,32.5000,0.1152,0.0538
-37.5000,32.5000,0.0876,0.0066
-32.5000,32.5000,0.0899,0.0930
-27.5000,32.5000,0.1091,0.1381
-22.5000,32.5000,0.1001,0.1874
-17.5000,32.5000,0.0979,0.1883
-12.5000,32.5000,0.1045,0.1853
-7.5000,32.5000,0.1112,0.1984
-2.5000,32.5000,0.1066,0.2230
2.5000,32.5000,0.1073,0.2055
7.5000,32.5000,0.1119,0.1787
12.5000,32.5000,0.1006,0.1932
17.5000,32.5000,0.0828,0.2681
22.5000,32.5000,0.0889,0.3850
27.5000,32.5000,0.0969,0.4016
32.5000,32.5000,0.0839,0.4214
37.5000,32.5000,0.0979,0.4041
42.5000,32.5000,0.1019,0.4076
47.5000,32.5000,0.1355,0.4580
52.5000,32.5000,0.1616,0.5322
57.5000,32.5000,0.1609,0.5416
62.5000,32.5000,0.1464,0.6139
67.5000,32.5000,0.1362,0.5927
72.5000,32.5000,0.1276,0.5523
77.5000,32.5000,0.2217,1.1655
82.5000,32.5000,0.2104,1.0872
87.5000,32.5000,0.1355,0.5386
-87.5000,37.5000,0.1611,0.3193
-82.5000,37.5000,0.1714,0.1628
-77.5000,37.5000,0.1529,0.0930
-72.5000,37.5000,0.1338,0.1540
-67.5000,37.5000,0.2019,0.1553
-62.5000,37.5000,0.1379,0.0290
-57.5000,37.5000,0.0751,-0.0083
-52.5000,37.5000,0.0919,-0.0365
-47.5000,37.5000,0.1183,-0.0561
-42.5000,37.5000,0.1439,0.0556
-37.5000,37.5000,0.0904,0.0210
-32.5000,37.5000,0.0789,0.0781
-27.5000,37.5000,0.0943,0.1388
-22.5000,37.5000,0.1062,0.1730
-17.5000,37.5000,0.1038,0.1814
-12.5000,37.5000,0.1132,0.1686
-7.5000,37.5000,0.1096,0.1786
-2.5000,37.5000,0.1118,0.1922
2.5000,37.5000,0.1140,0.1908
7.5000,37.5000,0.1176,0.1650
12.5000,37.5000,0.1172,0.2140
17.5000,37.5000,0.0943,0.2491
22.5000,37.5000,0.0822,0.3091
27.5000,37.5000,0.1047,0.4281
32.5000,37.5000,0.1116,0.4187
37.5000,37.5000,0.1118,0.4468
42.5000,37.5000,0.1021,0.4669
47.5000,37.5000,0.1491,0.4746
52.5000,37.5000,0.1740,0.5606
57.5000,37.5000,0.1689,0.5556
62.5000,37.5000,0.1489,0.6334
67.5000,37.5000,0.1578,0.6838
72.5000,37.5000,0.1391,0.6704
77.5000,37.5000,0.2461,1.1798
82.5000,37.5000,0.2042,1.0873
87.5000,37.5000,0.1343,0.5516
-87.5000,42.5000,0.1596,0.3255
-82.5000,42.5000,0.1675,0.1543
-77.5000,42.5000,0.1553,0.0685
-72.5000,42.5000,0.1390,0.1493
-67.5000,42.5000,0.1672,0.1959
-62.5000,42.5000,0.1479,0.0760
-57.5000,42.5000,0.0648,-0.0017
-52.5000,42.5000,0.0889,-0.0097
-47.5000,42.5000,0.1260,-0.0180
-42.5000,42.5000,0.1642,0.1016
-37.5000,42.5000,0.0986,0.0505
-32.5000,42.5000,0.0751,0.0571
-27.5000,42.5000,0.0904,0.1699
-22.5000,42.5000,0.1038,0.2057
-17.5000,42.5000,0.0966,0.2251
-12.5000,42.5000,0.0876,0.1884
-7.5000,42.5000,0.0860,0.1811
-2.5000,42.5000,0.0961,0.1825
2.5000,42.5000,0.1102,0.2063
7.5000,42.5000,0.1154,0.1942
12.5000,42.5000,0.1139,0.1918
17.5000,42.5000,0.1031,0.2146
22.5000,42.5000,0.1156,0.3338
27.5000,42.5000,0.1187,0.4235
32.5000,42.5000,0.1187,0.4296
37.5000,42.5000,0.1187,0.4687
42.5000,42.5000,0.1274,0.4513
47.5000,42.5000,0.1705,0.4904
52.5000,42.5000,0.1837,0.5242
57.5000,42.5000,0.1723,0.5260
62.5000,42.5000,0.1452,0.5923
67.5000,42.5000,0.1300,0.8340
72.5000,42.5000,0.1651,0.7929
77.5000,42.5000,0.2800,1.2991
82.5000,42.5000,0.2062,1.0651
87.5000,42.5000,0.1342,0.5623
-87.5000,47.5000,0.1588,0.3340
-82.5000,47.5000,0.1615,0.1459
-77.5000,47.5000,0.1278,0.0460
-72.5000,47.5000,0.1360,0.1148
-67.5000,47.5000,0.1317,0.1949
-62.5000,47.5000,0.1576,0.1161
-57.5000,47.5000,0.0683,0.0318
-52.5000,47.5000,0.0886,0.0343
-47.5000,47.5000,0.1278,0.0091
-42.5000,47.5000,0.1637,0.1182
-37.5000,47.5000,0.1019,0.0528
-32.5000,47.5000,0.0825,0.0741
-27.5000,47.5000,0.0884,0.2182
-22.5000,47.5000,0.1050,0.2421
-17.5000,47.5000,0.1084,0.1997
-12.5000,47.5000,0.0793,0.1801
-7.5000,47.5000,0.0818,0.1478
-2.5000,47.5000,0.0954,0.1749
2.5000,47.5000,0.1020,0.1787
7.5000,47.5000,0.1106,0.2190
12.5000,47.5000,0.1127,0.1829
17.5000,47.5000,0.1228,0.2540
22.5000,47.5000,0.1170,0.3433
27.5000,47.5000,0.1107,0.4090
32.5000,47.5000,0.1223,0.4196
37.5000,47.5000,0.1264,0.4212
42.5000,47.5000,0.1285,0.4452
47.5000,47.5000,0.1743,0.4820
52.5000,47.5000,0.1876,0.4143
57.5000,47.5000,0.1733,0.4408
62.5000,47.5000,0.1463,0.5613
67.5000,47.5000,0.1680,0.9754
72.5000,47.5000,0.1999,1.1935
77.5000,47.5000,0.3279,1.4990
82.5000,47.5000,0.2104,1.0392
87.5000,47.5000,0.1344,0.5718
-87.5000,52.5000,0.1588,0.3436
-82.5000,52.5000,0.1542,0.1347
-77.5000,52.5000,0.1431,0.0121
-72.5000,52.5000,0.1354,0.0647
-67.5000,52.5000,0.1480,0.2342
-62.5000,52.5000,0.1542,0.1538
-57.5000,52.5000,0.0662,0.0603
-52.5000,52.5000,0.0911,0.0799
-47.5000,52.5000,0.1264,0.0586
-42.5000,52.5000,0.1606,0.0649
-37.5000,52.5000,0.1019,0.0261
-32.5000,52.5000,0.0883,0.1435
-27.5000,52.5000,0.0786,0.2333
-22.5000,52.5000,0.0746,0.2682
-17.5000,52.5000,0.0679,0.2769
-12.5000,52.5000,0.0710,0.2297
-7.5000,52.5000,0.0802,0.1476
-2.5000,52.5000,0.0937,0.1566
2.5000,52.5000,0.1029,0.1571
7.5000,52.5000,0.1099,0.1654
12.5000,52.5000,0.1130,0.1591
17.5000,52.5000,0.1106,0.2382
22.5000,52.5000,0.1155,0.3300
27.5000,52.5000,0.1079,0.3676
32.5000,52.5000,0.1326,0.4455
37.5000,52.5000,0.1210,0.3442
42.5000,52.5000,0.1355,0.3796
47.5000,52.5000,0.1685,0.4942
52.5000,52.5000,0.1858,0.4253
57.5000,52.5000,0.1688,0.4102
62.5000,52.5000,0.1425,0.5325
67.5000,52.5000,0.1598,1.0091
72.5000,52.5000,0.2379,1.5410
77.5000,52.5000,0.3580,1.7391
82.5000,52.5000,0.2015,1.0411
87.5000,52.5000,0.1342,0.5814
-87.5000,57.5000,0.1592,0.3524
-82.5000,57.5000,0.1485,0.1258
-77.5000,57.5000,0.1443,-0.0225
-72.5000,57.5000,0.1305,0.0088
-67.5000,57.5000,0.1303,0.1651
-62.5000,57.5000,0.1283,0.2313
-57.5000,57.5000,0.0687,0.1113
-52.5000,57.5000,0.0850,0.1048
-47.5000,57.5000,0.1181,0.0856
-42.5000,57.5000,0.1496,0.0879
-37.5000,57.5000,0.1005,-0.0151
-32.5000,57.5000,0.0894,0.1840
-27.5000,57.5000,0.0771,0.2836
-22.5000,57.5000,0.0693,0.3077
-17.5000,57.5000,0.0655,0.2930
-12.5000,57.5000,0.0697,0.2625
-7.5000,57.5000,0.0809,0.1714
-2.5000,57.5000,0.0948,0.1559
2.5000,57.5000,0.1053,0.1649
7.5000,57.5000,0.1122,0.1448
12.5000,57.5000,0.1087,0.1259
17.5000,57.5000,0.1036,0.2128
22.5000,57.5000,0.1144,0.2935
27.5000,57.5000,0.1203,0.3596
32.5000,57.5000,0.1424,0.3626
37.5000,57.5000,0.1590,0.2567
42.5000,57.5000,0.1651,0.2929
47.5000,57.5000,0.1722,0.4043
52.5000,57.5000,0.1746,0.3452
57.5000,57.5000,0.1590,0.3233
62.5000,57.5000,0.1425,0.5463
67.5000,57.5000,0.1562,1.0102
72.5000,57.5000,0.1900,1.4324
77.5000,57.5000,0.3200,1.7551
82.5000,57.5000,0.1912,0.9955
87.5000,57.5000,0.1331,0.5907
-87.5000,62.5000,0.1598,0.3602
-82.5000,62.5000,0.1456,0.1281
-77.5000,62.5000,0.1456,-0.0495
-72.5000,62.5000,0.1309,-0.0393
-67.5000,62.5000,0.1193,0.1277
-62.5000,62.5000,0.1063,0.2829
-57.5000,62.5000,0.0748,0.1543
-52.5000,62.5000,0.0776,0.1248
-47.5000,62.5000,0.0992,0.0886
-42.5000,62.5000,0.1199,0.0449
-37.5000,62.5000,0.0912,0.0416
-32.5000,62.5000,0.0924,0.2538
-27.5000,62.5000,0.0723,0.3377
-22.5000,62.5000,0.0544,0.3012
-17.5000,62.5000,0.0649,0.2950
-12.5000,62.5000,0.0718,0.2770
-7.5000,62.5000,0.0833,0.1927
-2.5000,62.5000,0.0946,0.1885
2.5000,62.5000,0.1054,0.1841
7.5000,62.5000,0.1132,0.1846
12.5000,62.5000,0.1009,0.1284
17.5000,62.5000,0.0993,0.1569
22.5000,62.5000,0.1077,0.2250
27.5000,62.5000,0.1219,0.3261
32.5000,62.5000,0.1371,0.2690
37.5000,62.5000,0.1602,0.1639
42.5000,62.5000,0.1653,0.2635
47.5000,62.5000,0.1644,0.2606
52.5000,62.5000,0.1605,0.1752
57.5000,62.5000,0.1509,0.2451
62.5000,62.5000,0.1489,0.5630
67.5000,62.5000,0.1629,0.9991
72.5000,62.5000,0.1789,1.4222
77.5000,62.5000,0.2893,1.6979
82.5000,62.5000,0.1839,0.9864
87.5000,62.5000,0.1364,0.5982
-87.5000,67.5000,0.1605,0.3665
-82.5000,67.5000,0.1451,0.1386
-77.5000,67.5000,0.1435,-0.0656
-72.5000,67.5000,0.1374,-0.0659
-67.5000,67.5000,0.1470,0.1455
-62.5000,67.5000,0.0859,0.3200
-57.5000,67.5000,0.0729,0.1894
-52.5000,67.5000,0.0806,0.1707
-47.5000,67.5000,0.0924,0.1067
-42.5000,67.5000,0.1087,0.0540
-37.5000,67.5000,0.0943,0.1453
-32.5000,67.5000,0.0954,0.3104
-27.5000,67.5000,0.0714,0.3624
-22.5000,67.5000,0.0507,0.3285
-17.5000,67.5000,0.0652,0.2897
-12.5000,67.5000,0.0774,0.2658
-7.5000,67.5000,0.0821,0.2059
-2.5000,67.5000,0.0950,0.2107
2.5000,67.5000,0.1047,0.2159
7.5000,67.5000,0.1050,0.1990
12.5000,67.5000,0.0932,0.1576
17.5000,67.5000,0.0934,0.1824
22.5000,67.5000,0.1089,0.2651
27.5000,67.5000,0.0955,0.2920
32.5000,67.5000,0.1100,0.2354
37.5000,67.5000,0.1358,0.1788
42.5000,67.5000,0.1566,0.2587
47.5000,67.5000,0.1535,0.1884
52.5000,67.5000,0.1540,0.1250
57.5000,67.5000,0.1519,0.2722
62.5000,67.5000,0.1608,0.5764
67.5000,67.5000,0.1665,0.9864
72.5000,67.5000,0.1973,1.3082
77.5000,67.5000,0.2749,1.6103
82.5000,67.5000,0.1781,0.9998
87.5000,67.5000,0.1599,0.6047
-87.5000,72.5000,0.1617,0.3715
-82.5000,72.5000,0.1461,0.1549
-77.5000,72.5000,0.1503,-0.0674
-72.5000,72.5000,0.1469,-0.0703
-67.5000,72.5000,0.1494,0.1634
-62.5000,72.5000,0.0830,0.3631
-57.5000,72.5000,0.0581,0.2170
-52.5000,72.5000,0.0834,0.1772
-47.5000,72.5000,0.0917,0.0758
-42.5000,72.5000,0.1010,0.0669
-37.5000,72.5000,0.0985,0.1793
-32.5000,72.5000,0.0916,0.3191
-27.5000,72.5000,0.0704,0.3726
-22.5000,72.5000,0.0575,0.3526
-17.5000,72.5000,0.0658,0.2809
-12.5000,72.5000,0.0757,0.2313
-7.5000,72.5000,0.0842,0.2053
-2.5000,72.5000,0.0956,0.1826
2.5000,72.5000,0.1010,0.1848
7.5000,72.5000,0.0974,0.1688
12.5000,72.5000,0.0925,0.1641
17.5000,72.5000,0.0946,0.1985
22.5000,72.5000,0.0813,0.2412
27.5000,72.5000,0.0697,0.2627
32.5000,72.5000,0.0841,0.2236
37.5000,72.5000,0.1249,0.1535
42.5000,72.5000,0.1489,0.2021
47.5000,72.5000,0.1445,0.1424
52.5000,72.5000,0.1565,0.0991
57.5000,72.5000,0.1606,0.2875
62.5000,72.5000,0.1685,0.6029
67.5000,72.5000,0.1860,0.9760
72.5000,72.5000,0.1792,1.2247
77.5000,72.5000,0.2329,1.4832
82.5000,72.5000,0.1949,1.0779
87.5000,72.5000,0.1605,0.6088
-87.5000,77.5000,0.1634,0.3768
-82.5000,77.5000,0.1464,0.1827
-77.5000,77.5000,0.1467,-0.0526
-72.5000,77.5000,0.1473,-0.0209
-67.5000,77.5000,0.1259,0.1470
-62.5000,77.5000,0.1226,0.3747
-57.5000,77.5000,0.0561,0.2691
-52.5000,77.5000,0.0785,0.1801
-47.5000,77.5000,0.1022,0.0754
-42.5000,77.5000,0.1048,0.1150
-37.5000,77.5000,0.0982,0.1832
-32.5000,77.5000,0.0887,0.3178
-27.5000,77.5000,0.0685,0.3449
-22.5000,77.5000,0.0631,0.3548
-17.5000,77.5000,0.0646,0.2707
-12.5000,77.5000,0.0732,0.2014
-7.5000,77.5000,0.0818,0.1615
-2.5000,77.5000,0.0942,0.1779
2.5000,77.5000,0.0981,0.1606
7.5000,77.5000,0.0960,0.1624
12.5000,77.5000,0.0795,0.2207
17.5000,77.5000,0.0818,0.2027
22.5000,77.5000,0.0786,0.1960
27.5000,77.5000,0.0699,0.2255
32.5000,77.5000,0.0911,0.2290
37.5000,77.5000,0.1225,0.2215
42.5000,77.5000,0.1414,0.1714
47.5000,77.5000,0.1421,0.1305
52.5000,77.5000,0.1650,0.0593
57.5000,77.5000,0.1717,0.2497
62.5000,77.5000,0.1744,0.6553
67.5000,77.5000,0.1726,0.9862
72.5000,77.5000,0.1658,1.2117
77.5000,77.5000,0.2117,1.3560
82.5000,77.5000,0.1971,1.0782
87.5000,77.5000,0.1613,0.6091
-87.5000,82.5000,0.1654,0.3823
-82.5000,82.5000,0.1502,0.2211
-77.5000,82.5000,0.1451,-0.0256
-72.5000,82.5000,0.1446,0.0068
-67.5000,82.5000,0.1814,0.1655
-62.5000,82.5000,0.1475,0.3277
-57.5000,82.5000,0.0709,0.2643
-52.5000,82.5000,0.0885,0.2056
-47.5000,82.5000,0.1096,0.0944
-42.5000,82.5000,0.1128,0.0885
-37.5000,82.5000,0.0974,0.1696
-32.5000,82.5000,0.0840,0.2791
-27.5000,82.5000,0.0661,0.2963
-22.5000,82.5000,0.0634,0.3002
-17.5000,82.5000,0.0622,0.2420
-12.5000,82.5000,0.0711,0.1579
-7.5000,82.5000,0.0795,0.1361
-2.5000,82.5000,0.0919,0.1578
2.5000,82.5000,0.0980,0.1605
7.5000,82.5000,0.0933,0.1487
12.5000,82.5000,0.0860,0.0715
17.5000,82.5000,0.0872,0.1289
22.5000,82.5000,0.0882,0.0961
27.5000,82.5000,0.0849,0.1122
32.5000,82.5000,0.0953,0.2578
37.5000,82.5000,0.1232,0.2349
42.5000,82.5000,0.1329,0.2183
47.5000,82.5000,0.1489,0.0987
52.5000,82.5000,0.1673,0.0475
57.5000,82.5000,0.1788,0.2482
62.5000,82.5000,0.1789,0.6630
67.5000,82.5000,0.1673,0.9682
72.5000,82.5000,0.1351,1.2061
77.5000,82.5000,0.1948,1.2674
82.5000,82.5000,0.1895,1.0312
87.5000,82.5000,0.1617,0.6069
-87.5000,87.5000,0.1676,0.3883
-82.5000,87.5000,0.1560,0.2586
-77.5000,87.5000,0.1430,0.0147
-72.5000,87.5000,0.1456,0.0207
-67.5000,87.5000,0.1454,0.1402
-62.5000,87.5000,0.1831,0.3060
-57.5000,87.5000,0.1126,0.2144
-52.5000,87.5000,0.1014,0.1927
-47.5000,87.5000,0.1084,0.0959
-42.5000,87.5000,0.1091,0.0782
-37.5000,87.5000,0.0956,0.1542
-32.5000,87.5000,0.0854,0.2326
-27.5000,87.5000,0.0692,0.2546
-22.5000,87.5000,0.0622,0.2401
-17.5000,87.5000,0.0649,0.1885
-12.5000,87.5000,0.0715,0.1219
-7.5000,87.5000,0.0715,0.1104
-2.5000,87.5000,0.0887,0.1726
2.5000,87.5000,0.1014,0.1955
7.5000,87.5000,0.0937,0.1908
12.5000,87.5000,0.0860,0.1542
17.5000,87.5000,0.0851,0.1388
22.5000,87.5000,0.0941,0.1329
27.5000,87.5000,0.1030,0.2001
32.5000,87.5000,0.1072,0.3010
37.5000,87.5000,0.1215,0.2565
42.5000,87.5000,0.1389,0.2703
47.5000,87.5000,0.1588,0.1191
52.5000,87.5000,0.1736,0.0707
57.5000,87.5000,0.1832,0.2531
62.5000,87.5000,0.1804,0.6091
67.5000,87.5000,0.1624,0.8927
72.5000,87.5000,0.1592,1.2250
77.5000,87.5000,0.1842,1.2201
82.5000,87.5000,0.1844,0.9670
87.5000,87.5000,0.1620,0.6046
-87.5000,92.5000,0.1704,0.3954
-82.5000,92.5000,0.1617,0.2942
-77.5000,92.5000,0.1416,0.0861
-72.5000,92.5000,0.1386,0.0502
-67.5000,92.5000,0.1788,0.1391
-62.5000,92.5000,0.1906,0.2279
-57.5000,92.5000,0.0920,0.1840
-52.5000,92.5000,0.0966,0.1729
-47.5000,92.5000,0.1119,0.1364
-42.5000,92.5000,0.1132,0.1010
-37.5000,92.5000,0.1032,0.1473
-32.5000,92.5000,0.0938,0.2120
-27.5000,92.5000,0.0739,0.1900
-22.5000,92.5000,0.0629,0.1540
-17.5000,92.5000,0.0691,0.1314
-12.5000,92.5000,0.0742,0.1259
-7.5000,92.5000,0.0713,0.1467
-2.5000,92.5000,0.0884,0.1935
2.5000,92.5000,0.1000,0.1865
7.5000,92.5000,0.0912,0.1979
12.5000,92.5000,0.0843,0.1906
17.5000,92.5000,0.0876,0.1932
22.5000,92.5000,0.0980,0.2556
27.5000,92.5000,0.1106,0.3425
32.5000,92.5000,0.1230,0.4014
37.5000,92.5000,0.1633,0.3503
42.5000,92.5000,0.1566,0.3742
47.5000,92.5000,0.1657,0.1512
52.5000,92.5000,0.1887,0.0921
57.5000,92.5000,0.1859,0.2572
62.5000,92.5000,0.1713,0.5869
67.5000,92.5000,0.1554,0.9129
72.5000,92.5000,0.1506,1.1777
77.5000,92.5000,0.1794,1.1503
82.5000,92.5000,0.1828,0.9039
87.5000,92.5000,0.1629,0.6035
-87.5000,97.5000,0.1739,0.4048
-82.5000,97.5000,0.1678,0.3232
-77.5000,97.5000,0.1470,0.1849
-72.5000,97.5000,0.1294,0.0842
-67.5000,97.5000,0.1705,0.0810
-62.5000,97.5000,0.1523,0.1427
-57.5000,97.5000,0.0733,0.1280
-52.5000,97.5000,0.0875,0.1497
-47.5000,97.5000,0.1129,0.1617
-42.5000,97.5000,0.1121,0.1184
-37.5000,97.5000,0.1144,0.1328
-32.5000,97.5000,0.1004,0.1554
-27.5000,97.5000,0.0777,0.1259
-22.5000,97.5000,0.0705,0.0968
-17.5000,97.5000,0.0739,0.1305
-12.5000,97.5000,0.0756,0.1695
-7.5000,97.5000,0.0762,0.2035
-2.5000,97.5000,0.0851,0.2127
2.5000,97.5000,0.1023,0.1877
7.5000,97.5000,0.0925,0.1776
12.5000,97.5000,0.0925,0.2005
17.5000,97.5000,0.1025,0.2387
22.5000,97.5000,0.1077,0.3071
27.5000,97.5000,0.1106,0.3891
32.5000,97.5000,0.1183,0.5095
37.5000,97.5000,0.1646,0.3980
42.5000,97.5000,0.1718,0.3991
47.5000,97.5000,0.1749,0.2517
52.5000,97.5000,0.1832,0.1606
57.5000,97.5000,0.1833,0.2956
62.5000,97.5000,0.1601,0.6364
67.5000,97.5000,0.1518,0.9399
72.5000,97.5000,0.1445,1.1442
77.5000,97.5000,0.1672,1.1095
82.5000,97.5000,0.1692,0.8449
87.5000,97.5000,0.1639,0.6013
-87.5000,102.5000,0.1781,0.4171
-82.5000,102.5000,0.1746,0.3466
-77.5000,102.5000,0.1562,0.2542
-72.5000,102.5000,0.1174,0.1093
-67.5000,102.5000,0.1173,0.0875
-62.5000,102.5000,0.1284,0.1139
-57.5000,102.5000,0.0659,0.0902
-52.5000,102.5000,0.0808,0.1369
-47.5000,102.5000,0.1008,0.1245
-42.5000,102.5000,0.1080,0.1024
-37.5000,102.5000,0.1122,0.0988
-32.5000,102.5000,0.0923,0.0738
-27.5000,102.5000,0.0775,0.0544
-22.5000,102.5000,0.0760,0.0896
-17.5000,102.5000,0.0783,0.1430
-12.5000,102.5000,0.0752,0.1772
-7.5000,102.5000,0.0710,0.2088
-2.5000,102.5000,0.1034,0.2248
2.5000,102.5000,0.1013,0.1999
7.5000,102.5000,0.0859,0.1386
12.5000,102.5000,0.1002,0.1856
17.5000,102.5000,0.1043,0.2534
22.5000,102.5000,0.1063,0.3273
27.5000,102.5000,0.1033,0.4221
32.5000,102.5000,0.1021,0.4700
37.5000,102.5000,0.1389,0.4284
42.5000,102.5000,0.1553,0.3405
47.5000,102.5000,0.1833,0.2887
52.5000,102.5000,0.1821,0.1838
57.5000,102.5000,0.1742,0.3434
62.5000,102.5000,0.1490,0.6832
67.5000,102.5000,0.1440,0.9802
72.5000,102.5000,0.1408,1.1044
77.5000,102.5000,0.1660,1.1186
82.5000,102.5000,0.1727,0.7966
87.5000,102.5000,0.1653,0.5979
-87.5000,107.5000,0.1832,0.4308
-82.5000,107.5000,0.1823,0.3682
-77.5000,107.5000,0.1596,0.2838
-72.5000,107.5000,0.0959,0.1043
-67.5000,107.5000,0.1217,0.1467
-62.5000,107.5000,0.1221,0.0707
-57.5000,107.5000,0.0701,0.0712
-52.5000,107.5000,0.0782,0.1141
-47.5000,107.5000,0.1000,0.1159
-42.5000,107.5000,0.1061,0.0799
-37.5000,107.5000,0.1077,0.0876
-32.5000,107.5000,0.0890,0.0189
-27.5000,107.5000,0.0806,-0.0124
-22.5000,107.5000,0.0775,0.0542
-17.5000,107.5000,0.0807,0.1255
-12.5000,107.5000,0.0731,0.1676
-7.5000,107.5000,0.0748,0.1761
-2.5000,107.5000,0.0788,0.1491
2.5000,107.5000,0.0818,0.1240
7.5000,107.5000,0.0819,0.1314
12.5000,107.5000,0.1073,0.2098
17.5000,107.5000,0.1023,0.1914
22.5000,107.5000,0.1055,0.3024
27.5000,107.5000,0.1055,0.4134
32.5000,107.5000,0.1069,0.3876
37.5000,107.5000,0.1189,0.3310
42.5000,107.5000,0.1494,0.2250
47.5000,107.5000,0.1829,0.2432
52.5000,107.5000,0.1810,0.2003
57.5000,107.5000,0.1622,0.3614
62.5000,107.5000,0.1370,0.7435
67.5000,107.5000,0.1359,1.0159
72.5000,107.5000,0.0290,1.0947
77.5000,107.5000,0.1653,1.0287
82.5000,107.5000,0.1663,0.7706
87.5000,107.5000,0.1663,0.5942
-87.5000,112.5000,0.1890,0.4447
-82.5000,112.5000,0.1898,0.3859
-77.5000,112.5000,0.1594,0.2906
-72.5000,112.5000,0.0814,0.1140
-67.5000,112.5000,0.1234,0.1844
-62.5000,112.5000,0.1266,0.0823
-57.5000,112.5000,0.0753,0.1109
-52.5000,112.5000,0.0740,0.0905
-47.5000,112.5000,0.1031,0.1072
-42.5000,112.5000,0.1003,0.0562
-37.5000,112.5000,0.0905,-0.0072
-32.5000,112.5000,0.0815,-0.0756
-27.5000,112.5000,0.0878,-0.0216
-22.5000,112.5000,0.0858,0.0541
-17.5000,112.5000,0.0768,0.1292
-12.5000,112.5000,0.0714,0.1627
-7.5000,112.5000,0.0802,0.1657
-2.5000,112.5000,0.1010,0.1993
2.5000,112.5000,0.1013,0.1807
7.5000,112.5000,0.0789,0.1192
12.5000,112.5000,0.0815,0.1733
17.5000,112.5000,0.0866,0.1570
22.5000,112.5000,0.1138,0.2664
27.5000,112.5000,0.1173,0.4098
32.5000,112.5000,0.1198,0.3635
37.5000,112.5000,0.1263,0.3001
42.5000,112.5000,0.1484,0.1411
47.5000,112.5000,0.1785,0.1993
52.5000,112.5000,0.1713,0.1878
57.5000,112.5000,0.1491,0.3634
62.5000,112.5000,0.1270,0.7896
67.5000,112.5000,0.1261,1.0450
72.5000,112.5000,0.0450,1.0854
77.5000,112.5000,0.1486,1.0297
82.5000,112.5000,0.1698,0.7611
87.5000,112.5000,0.1667,0.5908
-87.5000,117.5000,0.1951,0.4578
-82.5000,117.5000,0.1996,0.3970
-77.5000,117.5000,0.1651,0.2847
-72.5000,117.5000,0.0886,0.1156
-67.5000,117.5000,0.1251,0.2155
-62.5000,117.5000,0.1585,0.0776
-57.5000,117.5000,0.0794,0.1449
-52.5000,117.5000,0.0799,0.1152
-47.5000,117.5000,0.1071,0.1370
-42.5000,117.5000,0.1003,0.0088
-37.5000,117.5000,0.0883,-0.0827
-32.5000,117.5000,0.1040,0.1368
-27.5000,117.5000,0.1127,0.2655
-22.5000,117.5000,0.1129,0.2596
-17.5000,117.5000,0.0754,0.2009
-12.5000,117.5000,0.0727,0.2002
-7.5000,117.5000,0.0786,0.1655
-2.5000,117.5000,0.0935,0.1833
2.5000,117.5000,0.1039,0.2101
7.5000,117.5000,0.0863,0.1373
12.5000,117.5000,0.0791,0.1506
17.5000,117.5000,0.0840,0.1849
22.5000,117.5000,0.1370,0.1961
27.5000,117.5000,0.1325,0.3774
32.5000,117.5000,0.1356,0.3129
37.5000,117.5000,0.1324,0.2465
42.5000,117.5000,0.1544,0.1267
47.5000,117.5000,0.1689,0.1003
52.5000,117.5000,0.1572,0.2127
57.5000,117.5000,0.1391,0.3613
62.5000,117.5000,0.1192,0.7368
67.5000,117.5000,0.1187,1.0122
72.5000,117.5000,0.1107,1.0665
77.5000,117.5000,0.1432,0.9861
82.5000,117.5000,0.1727,0.7638
87.5000,117.5000,0.1666,0.5873
-87.5000,122.5000,0.2016,0.4721
-82.5000,122.5000,0.2034,0.4055
-77.5000,122.5000,0.1651,0.2772
-72.5000,122.5000,0.0936,0.1151
-67.5000,122.5000,0.1523,0.1582
-62.5000,122.5000,0.2196,0.0406
-57.5000,122.5000,0.0760,0.1356
-52.5000,122.5000,0.0894,0.1432
-47.5000,122.5000,0.1032,0.1363
-42.5000,122.5000,0.1108,0.0168
-37.5000,122.5000,0.1028,-0.0772
-32.5000,122.5000,0.1110,0.1592
-27.5000,122.5000,0.1171,0.3357
-22.5000,122.5000,0.1146,0.3430
-17.5000,122.5000,0.0892,0.2599
-12.5000,122.5000,0.0778,0.2218
-7.5000,122.5000,0.0785,0.1849
-2.5000,122.5000,0.0912,0.1976
2.5000,122.5000,0.0844,0.1985
7.5000,122.5000,0.0892,0.1428
12.5000,122.5000,0.0860,0.1498
17.5000,122.5000,0.0830,0.1977
22.5000,122.5000,0.0998,0.1864
27.5000,122.5000,0.1470,0.1733
32.5000,122.5000,0.1406,0.1941
37.5000,122.5000,0.1393,0.1095
42.5000,122.5000,0.1587,0.1044
47.5000,122.5000,0.1677,0.1107
52.5000,122.5000,0.1602,0.2458
57.5000,122.5000,0.1392,0.4153
62.5000,122.5000,0.1214,0.6993
67.5000,122.5000,0.1183,0.9431
72.5000,122.5000,0.1114,1.0446
77.5000,122.5000,0.1512,0.9907
82.5000,122.5000,0.1757,0.7747
87.5000,122.5000,0.1665,0.5836
-87.5000,127.5000,0.2079,0.4870
-82.5000,127.5000,0.2106,0.4132
-77.5000,127.5000,0.1657,0.2603
-72.5000,127.5000,0.1050,0.1087
-67.5000,127.5000,0.1202,0.1517
-62.5000,127.5000,0.2450,0.0138
-57.5000,127.5000,0.0787,0.1344
-52.5000,127.5000,0.0848,0.1433
-47.5000,127.5000,0.1007,0.1345
-42.5000,127.5000,0.1156,0.0320
-37.5000,127.5000,0.1111,-0.0639
-32.5000,127.5000,0.1192,0.1136
-27.5000,127.5000,0.1289,0.3043
-22.5000,127.5000,0.1181,0.3383
-17.5000,127.5000,0.0993,0.3211
-12.5000,127.5000,0.0817,0.2035
-7.5000,127.5000,0.0792,0.1680
-2.5000,127.5000,0.0824,0.1881
2.5000,127.5000,0.0824,0.1688
7.5000,127.5000,0.0914,0.1679
12.5000,127.5000,0.0810,0.1772
17.5000,127.5000,0.0725,0.2105
22.5000,127.5000,0.0828,0.1892
27.5000,127.5000,0.1193,0.1397
32.5000,127.5000,0.1436,0.1076
37.5000,127.5000,0.1478,0.1318
42.5000,127.5000,0.1615,0.0919
47.5000,127.5000,0.1706,0.1353
52.5000,127.5000,0.1612,0.2277
57.5000,127.5000,0.1474,0.4169
62.5000,127.5000,0.1287,0.6625
67.5000,127.5000,0.1184,0.8598
72.5000,127.5000,0.1138,1.0689
77.5000,127.5000,0.1350,0.9886
82.5000,127.5000,0.1792,0.7832
87.5000,127.5000,0.1666,0.5790
-87.5000,132.5000,0.2141,0.5013
-82.5000,132.5000,0.2168,0.4135
-77.5000,132.5000,0.1710,0.2405
-72.5000,132.5000,0.1182,0.1016
-67.5000,132.5000,0.1241,0.1025
-62.5000,132.5000,0.2138,0.0263
-57.5000,132.5000,0.0748,0.1393
-52.5000,132.5000,0.0786,0.1243
-47.5000,132.5000,0.0953,0.1185
-42.5000,132.5000,0.1125,0.0478
-37.5000,132.5000,0.1092,-0.0228
-32.5000,132.5000,0.1144,0.1352
-27.5000,132.5000,0.1271,0.1799
-22.5000,132.5000,0.1197,0.2484
-17.5000,132.5000,0.0995,0.3113
-12.5000,132.5000,0.0937,0.2415
-7.5000,132.5000,0.0777,0.1456
-2.5000,132.5000,0.0924,0.1785
2.5000,132.5000,0.0811,0.1333
7.5000,132.5000,0.0842,0.1469
12.5000,132.5000,0.0798,0.1967
17.5000,132.5000,0.0729,0.2078
22.5000,132.5000,0.0842,0.1949
27.5000,132.5000,0.1071,0.1741
32.5000,132.5000,0.1481,0.1420
37.5000,132.5000,0.1625,0.2247
42.5000,132.5000,0.1640,0.1189
47.5000,132.5000,0.1679,0.1835
52.5000,132.5000,0.1698,0.2985
57.5000,132.5000,0.1539,0.5004
62.5000,132.5000,0.1410,0.6428
67.5000,132.5000,0.1221,0.8807
72.5000,132.5000,0.1060,1.0096
77.5000,132.5000,0.1370,0.9821
82.5000,132.5000,0.1828,0.7923
87.5000,132.5000,0.1668,0.5745
-87.5000,137.5000,0.2227,0.5142
-82.5000,137.5000,0.2238,0.4119
-77.5000,137.5000,0.1790,0.2278
-72.5000,137.5000,0.1306,0.0965
-67.5000,137.5000,0.0916,0.0832
-62.5000,137.5000,0.1815,0.0563
-57.5000,137.5000,0.0731,0.1328
-52.5000,137.5000,0.0796,0.1608
-47.5000,137.5000,0.0946,0.1272
-42.5000,137.5000,0.1061,0.0874
-37.5000,137.5000,0.1094,0.0733
-32.5000,137.5000,0.1106,0.1483
-27.5000,137.5000,0.1143,0.1494
-22.5000,137.5000,0.1105,0.2108
-17.5000,137.5000,0.1018,0.2414
-12.5000,137.5000,0.0867,0.1817
-7.5000,137.5000,0.0859,0.1830
-2.5000,137.5000,0.1022,0.2112
2.5000,137.5000,0.0844,0.1502
7.5000,137.5000,0.0878,0.1744
12.5000,137.5000,0.0852,0.2052
17.5000,137.5000,0.0740,0.2111
22.5000,137.5000,0.0794,0.2057
27.5000,137.5000,0.1026,0.1752
32.5000,137.5000,0.1497,0.1255
37.5000,137.5000,0.1459,0.2340
42.5000,137.5000,0.1173,0.1949
47.5000,137.5000,0.1518,0.2305
52.5000,137.5000,0.1613,0.3575
57.5000,137.5000,0.1595,0.5262
62.5000,137.5000,0.1530,0.5522
67.5000,137.5000,0.1342,0.8246
72.5000,137.5000,0.1035,0.9680
77.5000,137.5000,0.1436,1.0022
82.5000,137.5000,0.1846,0.7823
87.5000,137.5000,0.1663,0.5714
-87.5000,142.5000,0.2263,0.5247
-82.5000,142.5000,0.2317,0.4111
-77.5000,142.5000,0.1890,0.2160
-72.5000,142.5000,0.1410,0.1013
-67.5000,142.5000,0.1233,0.1130
-62.5000,142.5000,0.1617,0.0725
-57.5000,142.5000,0.0661,0.0913
-52.5000,142.5000,0.0810,0.1393
-47.5000,142.5000,0.1063,0.2090
-42.5000,142.5000,0.1187,0.1597
-37.5000,142.5000,0.1091,0.2369
-32.5000,142.5000,0.0992,0.2115
-27.5000,142.5000,0.0957,0.1971
-22.5000,142.5000,0.0967,0.1934
-17.5000,142.5000,0.0974,0.2003
-12.5000,142.5000,0.0893,0.2078
-7.5000,142.5000,0.1061,0.2308
-2.5000,142.5000,0.0978,0.2014
2.5000,142.5000,0.0943,0.2061
7.5000,142.5000,0.1010,0.2080
12.5000,142.5000,0.0924,0.1663
17.5000,142.5000,0.0789,0.1569
22.5000,142.5000,0.0755,0.1931
27.5000,142.5000,0.0928,0.1392
32.5000,142.5000,0.1145,0.0430
37.5000,142.5000,0.1426,0.3774
42.5000,142.5000,0.1125,0.3090
47.5000,142.5000,0.1054,0.2872
52.5000,142.5000,0.1495,0.4976
57.5000,142.5000,0.1750,0.5693
62.5000,142.5000,0.1621,0.4736
67.5000,142.5000,0.1494,0.8202
72.5000,142.5000,0.1272,1.0304
77.5000,142.5000,0.1483,1.0209
82.5000,142.5000,0.1766,0.7663
87.5000,142.5000,0.1708,0.5680
-87.5000,147.5000,0.2266,0.5303
-82.5000,147.5000,0.2411,0.4111
-77.5000,147.5000,0.2015,0.2078
-72.5000,147.5000,0.1475,0.1206
-67.5000,147.5000,0.1344,0.1711
-62.5000,147.5000,0.1289,0.1110
-57.5000,147.5000,0.0618,0.0664
-52.5000,147.5000,0.0911,0.1291
-47.5000,147.5000,0.1167,0.2890
-42.5000,147.5000,0.1308,0.2766
-37.5000,147.5000,0.1206,0.2488
-32.5000,147.5000,0.0984,0.2597
-27.5000,147.5000,0.0938,0.2465
-22.5000,147.5000,0.0989,0.1725
-17.5000,147.5000,0.1037,0.1944
-12.5000,147.5000,0.0993,0.2112
-7.5000,147.5000,0.1049,0.2308
-2.5000,147.5000,0.0944,0.1965
2.5000,147.5000,0.1051,0.1913
7.5000,147.5000,0.1092,0.1764
12.5000,147.5000,0.0938,0.1570
17.5000,147.5000,0.0835,0.1512
22.5000,147.5000,0.0755,0.1582
27.5000,147.5000,0.0867,0.1529
32.5000,147.5000,0.0885,0.0416
37.5000,147.5000,0.1001,0.1180
42.5000,147.5000,0.0976,0.3611
47.5000,147.5000,0.1279,0.3043
52.5000,147.5000,0.1978,0.4410
57.5000,147.5000,0.1971,0.5871
62.5000,147.5000,0.1700,0.4881
67.5000,147.5000,0.1610,0.8516
72.5000,147.5000,0.1368,1.0227
77.5000,147.5000,0.1562,1.0116
82.5000,147.5000,0.1767,0.7515
87.5000,147.5000,0.1717,0.5647
-87.5000,152.5000,0.2285,0.5265
-82.5000,152.5000,0.2475,0.3971
-77.5000,152.5000,0.2138,0.2100
-72.5000,152.5000,0.1555,0.1594
-67.5000,152.5000,0.1037,0.2250
-62.5000,152.5000,0.0987,0.1810
-57.5000,152.5000,0.0674,0.0965
-52.5000,152.5000,0.0928,0.1563
-47.5000,152.5000,0.1090,0.2882
-42.5000,152.5000,0.1515,0.4252
-37.5000,152.5000,0.1664,0.3114
-32.5000,152.5000,0.1192,0.2178
-27.5000,152.5000,0.1033,0.1855
-22.5000,152.5000,0.1040,0.2006
-17.5000,152.5000,0.1060,0.2133
-12.5000,152.5000,0.1036,0.2404
-7.5000,152.5000,0.1033,0.2377
-2.5000,152.5000,0.1000,0.1995
2.5000,152.5000,0.1045,0.2127
7.5000,152.5000,0.1062,0.1868
12.5000,152.5000,0.0920,0.1315
17.5000,152.5000,0.0842,0.1335
22.5000,152.5000,0.0809,0.1597
27.5000,152.5000,0.0787,0.1705
32.5000,152.5000,0.0814,0.1331
37.5000,152.5000,0.0940,0.2260
42.5000,152.5000,0.0998,0.3684
47.5000,152.5000,0.1079,0.1731
52.5000,152.5000,0.1319,0.2438
57.5000,152.5000,0.1996,0.5274
62.5000,152.5000,0.1728,0.5674
67.5000,152.5000,0.1810,0.8695
72.5000,152.5000,0.1353,0.9963
77.5000,152.5000,0.1745,1.0001
82.5000,152.5000,0.1826,0.7352
87.5000,152.5000,0.1765,0.5622
-87.5000,157.5000,0.2270,0.5136
-82.5000,157.5000,0.2564,0.3900
-77.5000,157.5000,0.2233,0.2247
-72.5000,157.5000,0.1666,0.2083
-67.5000,157.5000,0.1001,0.2944
-62.5000,157.5000,0.0849,0.2244
-57.5000,157.5000,0.0719,0.1261
-52.5000,157.5000,0.0870,0.1426
-47.5000,157.5000,0.1017,0.2144
-42.5000,157.5000,0.1313,0.3342
-37.5000,157.5000,0.1267,0.2877
-32.5000,157.5000,0.0835,0.1013
-27.5000,157.5000,0.0799,0.1209
-22.5000,157.5000,0.0896,0.1800
-17.5000,157.5000,0.1004,0.1885
-12.5000,157.5000,0.0986,0.2130
-7.5000,157.5000,0.0961,0.2215
-2.5000,157.5000,0.0882,0.2049
2.5000,157.5000,0.0962,0.2132
7.5000,157.5000,0.0985,0.1679
12.5000,157.5000,0.0916,0.1359
17.5000,157.5000,0.0882,0.1304
22.5000,157.5000,0.0859,0.1602
27.5000,157.5000,0.0732,0.2063
32.5000,157.5000,0.0731,0.2069
37.5000,157.5000,0.0864,0.3553
42.5000,157.5000,0.1002,0.4625
47.5000,157.5000,0.1120,0.2071
52.5000,157.5000,0.1302,0.2541
57.5000,157.5000,0.1678,0.3825
62.5000,157.5000,0.1712,0.5703
67.5000,157.5000,0.1910,0.8242
72.5000,157.5000,0.1439,0.9662
77.5000,157.5000,0.1851,0.9629
82.5000,157.5000,0.1831,0.7124
87.5000,157.5000,0.1927,0.5584
-87.5000,162.5000,0.2277,0.5015
-82.5000,162.5000,0.2738,0.4230
-77.5000,162.5000,0.2523,0.3828
-72.5000,162.5000,0.2066,0.3032
-67.5000,162.5000,0.1072,0.2830
-62.5000,162.5000,0.0634,0.2429
-57.5000,162.5000,0.0667,0.0563
-52.5000,162.5000,0.0850,0.1206
-47.5000,162.5000,0.0996,0.2164
-42.5000,162.5000,0.1192,0.3058
-37.5000,162.5000,0.1097,0.2625
-32.5000,162.5000,0.0792,0.1339
-27.5000,162.5000,0.0774,0.1307
-22.5000,162.5000,0.0936,0.1571
-17.5000,162.5000,0.0964,0.1664
-12.5000,162.5000,0.0944,0.1918
-7.5000,162.5000,0.0932,0.1927
-2.5000,162.5000,0.0864,0.1667
2.5000,162.5000,0.0929,0.1951
7.5000,162.5000,0.0935,0.1583
12.5000,162.5000,0.0931,0.1363
17.5000,162.5000,0.0941,0.1191
22.5000,162.5000,0.0905,0.1312
27.5000,162.5000,0.0749,0.2111
32.5000,162.5000,0.0733,0.2249
37.5000,162.5000,0.0797,0.4029
42.5000,162.5000,0.0875,0.4349
47.5000,162.5000,0.1149,0.2528
52.5000,162.5000,0.1071,0.2552
57.5000,162.5000,0.0805,0.6268
62.5000,162.5000,0.1407,0.5759
67.5000,162.5000,0.1854,0.7705
72.5000,162.5000,0.1542,0.9563
77.5000,162.5000,0.2001,0.9158
82.5000,162.5000,0.1828,0.6840
87.5000,162.5000,0.1966,0.5536
-87.5000,167.5000,0.2275,0.4900
-82.5000,167.5000,0.2850,0.4464
-77.5000,167.5000,0.1022,0.4938
-72.5000,167.5000,0.1693,0.3871
-67.5000,167.5000,0.1002,0.2623
-62.5000,167.5000,0.0669,0.2553
-57.5000,167.5000,0.0883,0.1538
-52.5000,167.5000,0.0857,0.1475
-47.5000,167.5000,0.1045,0.2840
-42.5000,167.5000,0.1148,0.3067
-37.5000,167.5000,0.1065,0.2480
-32.5000,167.5000,0.0884,0.1481
-27.5000,167.5000,0.0878,0.1476
-22.5000,167.5000,0.0969,0.1378
-17.5000,167.5000,0.0967,0.1824
-12.5000,167.5000,0.0919,0.1924
-7.5000,167.5000,0.0875,0.1701
-2.5000,167.5000,0.0885,0.1388
2.5000,167.5000,0.0909,0.1575
7.5000,167.5000,0.0918,0.1295
12.5000,167.5000,0.0917,0.1326
17.5000,167.5000,0.0946,0.1226
22.5000,167.5000,0.0872,0.1179
27.5000,167.5000,0.0751,0.2186
32.5000,167.5000,0.0776,0.2443
37.5000,167.5000,0.0777,0.4553
42.5000,167.5000,0.0829,0.3615
47.5000,167.5000,0.1062,0.2507
52.5000,167.5000,0.1111,0.2757
57.5000,167.5000,0.1186,0.4967
62.5000,167.5000,0.1456,0.6474
67.5000,167.5000,0.1786,0.7389
72.5000,167.5000,0.1752,0.9685
77.5000,167.5000,0.1945,0.8762
82.5000,167.5000,0.1824,0.6539
87.5000,167.5000,0.2049,0.5474
-87.5000,172.5000,0.2268,0.4764
-82.5000,172.5000,0.2895,0.4500
-77.5000,172.5000,0.1594,0.5018
-72.5000,172.5000,0.1329,0.3440
-67.5000,172.5000,0.0722,0.2553
-62.5000,172.5000,0.0861,0.2422
-57.5000,172.5000,0.0823,0.1429
-52.5000,172.5000,0.0813,0.1520
-47.5000,172.5000,0.0828,0.2238
-42.5000,172.5000,0.1073,0.2623
-37.5000,172.5000,0.1096,0.2571
-32.5000,172.5000,0.0973,0.1786
-27.5000,172.5000,0.0975,0.1753
-22.5000,172.5000,0.1011,0.1680
-17.5000,172.5000,0.0962,0.1832
-12.5000,172.5000,0.0908,0.1959
-7.5000,172.5000,0.0870,0.1408
-2.5000,172.5000,0.0859,0.1062
2.5000,172.5000,0.0873,0.1130
7.5000,172.5000,0.0902,0.1331
12.5000,172.5000,0.0891,0.1348
17.5000,172.5000,0.0907,0.1255
22.5000,172.5000,0.0861,0.1233
27.5000,172.5000,0.0774,0.2300
32.5000,172.5000,0.0887,0.2881
37.5000,172.5000,0.0834,0.4032
42.5000,172.5000,0.0861,0.3503
47.5000,172.5000,0.0989,0.2482
52.5000,172.5000,0.1082,0.2789
57.5000,172.5000,0.1116,0.4203
62.5000,172.5000,0.1305,0.8035
67.5000,172.5000,0.1789,0.8449
72.5000,172.5000,0.1802,1.0110
77.5000,172.5000,0.1640,0.8577
82.5000,172.5000,0.1816,0.6223
87.5000,172.5000,0.2211,0.5397
-87.5000,177.5000,0.2241,0.4573
-82.5000,177.5000,0.2881,0.4441
-77.5000,177.5000,0.1006,0.5393
-72.5000,177.5000,0.1220,0.3241
-67.5000,177.5000,0.0557,0.2707
-62.5000,177.5000,0.0955,0.1834
-57.5000,177.5000,0.0814,0.1193
-52.5000,177.5000,0.0820,0.1465
-47.5000,177.5000,0.0886,0.1902
-42.5000,177.5000,0.0915,0.2087
-37.5000,177.5000,0.1020,0.2287
-32.5000,177.5000,0.0976,0.2141
-27.5000,177.5000,0.1017,0.2191
-22.5000,177.5000,0.1000,0.1850
-17.5000,177.5000,0.0961,0.1960
-12.5000,177.5000,0.0842,0.1740
-7.5000,177.5000,0.0845,0.1121
-2.5000,177.5000,0.0791,0.0771
2.5000,177.5000,0.0791,0.0810
7.5000,177.5000,0.0858,0.1108
12.5000,177.5000,0.0830,0.1247
17.5000,177.5000,0.0880,0.1249
22.5000,177.5000,0.0878,0.1457
27.5000,177.5000,0.0817,0.2390
32.5000,177.5000,0.0922,0.2977
37.5000,177.5000,0.0907,0.4433
42.5000,177.5000,0.0852,0.3610
47.5000,177.5000,0.0939,0.2660
52.5000,177.5000,0.1059,0.2832
57.5000,177.5000,0.1127,0.4154
62.5000,177.5000,0.0942,0.9554
67.5000,177.5000,0.1684,0.8840
72.5000,177.5000,0.1828,1.0632
77.5000,177.5000,0.1661,0.8633
82.5000,177.5000,0.1805,0.5907
87.5000,177.5000,0.2508,0.5305
